S3B_EVIDENCE pins platform=5d4883acf7079e26fd51e03f460166730de1ada0 topology=wp5-s3b-v2 game=ce3c8712cb089ac486ac14102bb7fad7ede9c355
S3B_EVIDENCE spell_input=full_manifest manifest_sha256=272466bd8965a4a71566212f68fb61c2a3f35885b1adf9dab3434e31509a5fd5
warning: missing documentation for a function
   --> vendor/tokio-1.53.1/src/sync/oneshot.rs:502:1
    |
502 | pub fn channel<T>() -> (Sender<T>, Receiver<T>) {
    | ^^^^^^^^^^^^^^^^^^^^^^^^^^^^^^^^^^^^^^^^^^^^^^^
    |
note: the lint level is defined here
   --> vendor/tokio-1.53.1/src/lib.rs:9:5
    |
  9 |     missing_docs,
    |     ^^^^^^^^^^^^

warning: `tokio` (lib) generated 1 warning
warning: `tokio` (lib) generated 1 warning (1 duplicate)
   Compiling oteryn-game-server v0.1.0 (/workspace/spell-pr-publication/worktree/apps/game-server)
warning: unused import: `QualifiedSourceStepTile`
   --> apps/game-server/src/content/mod.rs:111:26
    |
111 | pub(crate) use project::{QualifiedSourceStepTile, SourceFloorChange};
    |                          ^^^^^^^^^^^^^^^^^^^^^^^
    |
    = note: `#[warn(unused_imports)]` (part of `#[warn(unused)]`) on by default

warning: unused import: `PreparedFamiliarDefense`
    --> apps/game-server/src/foundation/mod.rs:1497:29
     |
1497 |     FamiliarDefenseReceipt, PreparedFamiliarDefense,
     |                             ^^^^^^^^^^^^^^^^^^^^^^^

warning: unused imports: `PartyCommand` and `PartyReceipt`
    --> apps/game-server/src/foundation/mod.rs:1500:18
     |
1500 |     PartyAction, PartyCommand, PartyMemberSnapshot, PartyPresence, PartyReceipt, PartySnapshot,
     |                  ^^^^^^^^^^^^                                      ^^^^^^^^^^^^

warning: unused import: `FamiliarOwnerEvent`
  --> apps/game-server/src/gameplay_transport/actor_spell.rs:14:75
   |
14 | pub(in crate::gameplay_transport) use familiar_cast::{FamiliarLogoutSave, FamiliarOwnerEvent};
   |                                                                           ^^^^^^^^^^^^^^^^^^

warning: unused imports: `pacing_available` and `step_in_channel`
  --> apps/game-server/src/gameplay_transport/actor_spell.rs:39:48
   |
39 | pub(crate) use actor_movement::{StepInChannel, pacing_available, step_in_channel};
   |                                                ^^^^^^^^^^^^^^^^  ^^^^^^^^^^^^^^^

warning: unused imports: `CandidateCooldownPublisher` and `CooldownRead`
   --> apps/game-server/src/gameplay_transport/spell_presentation_publisher.rs:541:28
    |
541 | pub(crate) use cooldowns::{CandidateCooldownPublisher, CooldownRead};
    |                            ^^^^^^^^^^^^^^^^^^^^^^^^^^  ^^^^^^^^^^^^

warning: unused import: `SourcePartyWorld`
    --> apps/game-server/src/gameplay_transport/mod.rs:3463:36
     |
3463 | pub(crate) use party_spell_owner::{SourcePartyWorld, read_source_party_world_in_transaction};
     |                                    ^^^^^^^^^^^^^^^^

warning: method `native_source_world` is never used
   --> apps/game-server/src/content/activation.rs:116:19
    |
115 | impl ActiveGeneration {
    | --------------------- method in this implementation
116 |     pub(crate) fn native_source_world(&self) -> Option<&[u8]> {
    |                   ^^^^^^^^^^^^^^^^^^^
    |
    = note: `#[warn(dead_code)]` (part of `#[warn(unused)]`) on by default

warning: field `native_map_profile` is never read
   --> apps/game-server/src/content/native_gameplay.rs:307:5
    |
306 | pub(crate) struct NativeGameplayState {
    |                   ------------------- field in this struct
307 |     native_map_profile: NativeGameplayMapProfile,
    |     ^^^^^^^^^^^^^^^^^^
    |
    = note: `NativeGameplayState` has derived impls for the traits `Clone` and `Debug`, but these are intentionally ignored during dead code analysis

warning: method `native_map_profile` is never used
   --> apps/game-server/src/content/native_gameplay.rs:331:19
    |
330 | impl NativeGameplayState {
    | ------------------------ method in this implementation
331 |     pub(crate) fn native_map_profile(&self) -> NativeGameplayMapProfile {
    |                   ^^^^^^^^^^^^^^^^^^

warning: methods `source_position`, `pickupable`, and `block_pathfind` are never used
   --> apps/game-server/src/content/project/native_spell_world.rs:134:19
    |
127 | impl QualifiedMutableSourcePlacement {
    | ------------------------------------ methods in this implementation
...
134 |     pub(crate) fn source_position(&self) -> [i32; 3] {
    |                   ^^^^^^^^^^^^^^^
...
149 |     pub(crate) fn pickupable(&self) -> bool {
    |                   ^^^^^^^^^^
...
158 |     pub(crate) fn block_pathfind(&self) -> bool {
    |                   ^^^^^^^^^^^^^^

warning: method `source_identity_bindings` is never used
   --> apps/game-server/src/content/project/native_spell_world.rs:218:19
    |
175 | impl QualifiedNativeSpellWorld {
    | ------------------------------ method in this implementation
...
218 |     pub(crate) fn source_identity_bindings(&self) -> &[ProjectV2SourceIdentityBinding] {
    |                   ^^^^^^^^^^^^^^^^^^^^^^^^

warning: method `source_digest` is never used
   --> apps/game-server/src/content/spell_familiar_defenses.rs:112:19
    |
 40 | impl CompiledFamiliarDefenses {
    | ----------------------------- method in this implementation
...
112 |     pub(crate) fn source_digest(&self) -> [u8; 32] {
    |                   ^^^^^^^^^^^^^

warning: method `code` is never used
  --> apps/game-server/src/durability/character_equipment.rs:45:8
   |
37 | impl CombatMode {
   | --------------- method in this implementation
...
45 |     fn code(self) -> i16 {
   |        ^^^^

warning: enum `EquipmentIntent` is never used
  --> apps/game-server/src/durability/character_equipment.rs:79:17
   |
79 | pub(crate) enum EquipmentIntent {
   |                 ^^^^^^^^^^^^^^^

warning: struct `EquipmentReceipt` is never constructed
  --> apps/game-server/src/durability/character_equipment.rs:88:19
   |
88 | pub(crate) struct EquipmentReceipt {
   |                   ^^^^^^^^^^^^^^^^

warning: function `apply_equipment_in_transaction` is never used
   --> apps/game-server/src/durability/character_equipment.rs:336:21
    |
336 | pub(crate) async fn apply_equipment_in_transaction(
    |                     ^^^^^^^^^^^^^^^^^^^^^^^^^^^^^^

warning: method `prepare_character_familiar_in_transaction` is never used
   --> apps/game-server/src/durability/character_familiar.rs:369:25
    |
269 | impl DurabilityRoot {
    | ------------------- method in this implementation
...
369 |     pub(crate) async fn prepare_character_familiar_in_transaction(
    |                         ^^^^^^^^^^^^^^^^^^^^^^^^^^^^^^^^^^^^^^^^^

warning: field `0` is never read
  --> apps/game-server/src/durability/character_wheel.rs:15:16
   |
15 |     Durability(DurabilityError),
   |     ---------- ^^^^^^^^^^^^^^^
   |     |
   |     field in this variant
   |
   = note: `WheelError` has a derived impl for the trait `Debug`, but this is intentionally ignored during dead code analysis
help: consider changing the field to be of unit type to suppress this warning while preserving the field numbering, or remove the field
   |
15 -     Durability(DurabilityError),
15 +     Durability(()),
   |

warning: field `0` is never read
  --> apps/game-server/src/durability/character_wheel.rs:16:15
   |
16 |     Equipment(EquipmentError),
   |     --------- ^^^^^^^^^^^^^^
   |     |
   |     field in this variant
   |
   = note: `WheelError` has a derived impl for the trait `Debug`, but this is intentionally ignored during dead code analysis
help: consider changing the field to be of unit type to suppress this warning while preserving the field numbering, or remove the field
   |
16 -     Equipment(EquipmentError),
16 +     Equipment(()),
   |

warning: field `0` is never read
  --> apps/game-server/src/durability/character_wheel.rs:17:14
   |
17 |     Database(sqlx::Error),
   |     -------- ^^^^^^^^^^^
   |     |
   |     field in this variant
   |
   = note: `WheelError` has a derived impl for the trait `Debug`, but this is intentionally ignored during dead code analysis
help: consider changing the field to be of unit type to suppress this warning while preserving the field numbering, or remove the field
   |
17 -     Database(sqlx::Error),
17 +     Database(()),
   |

warning: field `0` is never read
  --> apps/game-server/src/durability/character_wheel.rs:18:14
   |
18 |     Rejected(&'static str),
   |     -------- ^^^^^^^^^^^^
   |     |
   |     field in this variant
   |
   = note: `WheelError` has a derived impl for the trait `Debug`, but this is intentionally ignored during dead code analysis
help: consider changing the field to be of unit type to suppress this warning while preserving the field numbering, or remove the field
   |
18 -     Rejected(&'static str),
18 +     Rejected(()),
   |

warning: struct `WheelReceipt` is never constructed
  --> apps/game-server/src/durability/character_wheel.rs:48:19
   |
48 | pub(crate) struct WheelReceipt {
   |                   ^^^^^^^^^^^^

warning: function `uuid` is never used
  --> apps/game-server/src/durability/character_wheel.rs:60:4
   |
60 | fn uuid(s: String) -> Result<[u8; 16]> {
   |    ^^^^

warning: function `apply_wheel_assignment_in_transaction` is never used
   --> apps/game-server/src/durability/character_wheel.rs:125:21
    |
125 | pub(crate) async fn apply_wheel_assignment_in_transaction(
    |                     ^^^^^^^^^^^^^^^^^^^^^^^^^^^^^^^^^^^^^

warning: method `read_wheel_snapshot` is never used
   --> apps/game-server/src/durability/character_wheel.rs:234:25
    |
233 | impl DurabilityRoot {
    | ------------------- method in this implementation
234 |     pub(crate) async fn read_wheel_snapshot(
    |                         ^^^^^^^^^^^^^^^^^^^

warning: trait `EquipmentPolicyLookup` is never used
 --> apps/game-server/src/durability/equipment_policy_abi.rs:8:18
  |
8 | pub(crate) trait EquipmentPolicyLookup: policy_registration::Registered {
  |                  ^^^^^^^^^^^^^^^^^^^^^

warning: trait `Registered` is never used
 --> apps/game-server/src/durability/equipment_policy_abi.rs:6:22
  |
6 |     pub(crate) trait Registered {}
  |                      ^^^^^^^^^^

warning: fields `placement_key`, `transaction_id`, `item_instance_id`, and `replayed` are never read
  --> apps/game-server/src/durability/native_map_items_abi.rs:36:16
   |
35 | pub(crate) struct MaterializedNativeMapItem {
   |                   ------------------------- fields in this struct
36 |     pub(crate) placement_key: String,
   |                ^^^^^^^^^^^^^
37 |     pub(crate) transaction_id: [u8; 16],
   |                ^^^^^^^^^^^^^^
38 |     pub(crate) item_instance_id: [u8; 16],
   |                ^^^^^^^^^^^^^^^^
39 |     pub(crate) replayed: bool,
   |                ^^^^^^^^
   |
   = note: `MaterializedNativeMapItem` has derived impls for the traits `Clone` and `Debug`, but these are intentionally ignored during dead code analysis

warning: method `lookup_character_name_for_spell` is never used
  --> apps/game-server/src/durability/spell_character_lookup.rs:96:25
   |
47 | impl DurabilityRoot {
   | ------------------- method in this implementation
...
96 |     pub(crate) async fn lookup_character_name_for_spell(
   |                         ^^^^^^^^^^^^^^^^^^^^^^^^^^^^^^^

warning: methods `group_id` and `account_type` are never used
  --> apps/game-server/src/durability/spell_familiar_group.rs:33:19
   |
26 | impl FamiliarGroupSnapshot {
   | -------------------------- methods in this implementation
...
33 |     pub(crate) fn group_id(&self) -> u32 {
   |                   ^^^^^^^^
...
36 |     pub(crate) fn account_type(&self) -> u32 {
   |                   ^^^^^^^^^^^^

warning: struct `PendingFamiliarGroup` is never constructed
   --> apps/game-server/src/durability/spell_familiar_group.rs:128:19
    |
128 | pub(crate) struct PendingFamiliarGroup {
    |                   ^^^^^^^^^^^^^^^^^^^^

warning: function `initialize_group_in_transaction` is never used
   --> apps/game-server/src/durability/spell_familiar_group.rs:131:21
    |
131 | pub(crate) async fn initialize_group_in_transaction(
    |                     ^^^^^^^^^^^^^^^^^^^^^^^^^^^^^^^

warning: method `read_familiar_group` is never used
   --> apps/game-server/src/durability/spell_familiar_group.rs:187:25
    |
160 | impl DurabilityRoot {
    | ------------------- method in this implementation
...
187 |     pub(crate) async fn read_familiar_group(
    |                         ^^^^^^^^^^^^^^^^^^^

warning: variant `Training` is never constructed
  --> apps/game-server/src/durability/spell_item_transaction.rs:20:5
   |
16 | pub(crate) enum SpellItemError {
   |                 -------------- variant in this enum
...
20 |     Training(super::character_progression::CharacterProgressionError),
   |     ^^^^^^^^
   |
   = note: `SpellItemError` has a derived impl for the trait `Debug`, but this is intentionally ignored during dead code analysis

warning: function `read_source_item_description_in_transaction` is never used
  --> apps/game-server/src/durability/spell_item_transaction.rs:45:21
   |
45 | pub(crate) async fn read_source_item_description_in_transaction(
   |                     ^^^^^^^^^^^^^^^^^^^^^^^^^^^^^^^^^^^^^^^^^^^

warning: struct `WorldItemSpellCommit` is never constructed
  --> apps/game-server/src/durability/spell_item_transaction.rs:68:19
   |
68 | pub(crate) struct WorldItemSpellCommit {
   |                   ^^^^^^^^^^^^^^^^^^^^

warning: struct `WorldItemTraining` is never constructed
  --> apps/game-server/src/durability/spell_item_transaction.rs:77:19
   |
77 | pub(crate) struct WorldItemTraining {
   |                   ^^^^^^^^^^^^^^^^^

warning: method `commit_world_item_spell` is never used
   --> apps/game-server/src/durability/spell_item_transaction.rs:180:25
    |
 83 | impl DurabilityRoot {
    | ------------------- method in this implementation
...
180 |     pub(crate) async fn commit_world_item_spell(
    |                         ^^^^^^^^^^^^^^^^^^^^^^^

warning: function `expire_due_spell_items_in_transaction` is never used
   --> apps/game-server/src/durability/spell_item_transaction.rs:994:21
    |
994 | pub(crate) async fn expire_due_spell_items_in_transaction(
    |                     ^^^^^^^^^^^^^^^^^^^^^^^^^^^^^^^^^^^^^

warning: function `prepare_inventory_merge_in_transaction` is never used
    --> apps/game-server/src/durability/spell_item_transaction.rs:1877:21
     |
1877 | pub(crate) async fn prepare_inventory_merge_in_transaction(
     |                     ^^^^^^^^^^^^^^^^^^^^^^^^^^^^^^^^^^^^^^

warning: methods `definition`, `top_down_ordinal`, and `placement` are never used
  --> apps/game-server/src/durability/spell_items_abi.rs:67:19
   |
63 | impl DurableCorpseReservation {
   | ----------------------------- methods in this implementation
...
67 |     pub(crate) fn definition(&self) -> &TypedDefinitionRef {
   |                   ^^^^^^^^^^
...
73 |     pub(crate) fn top_down_ordinal(&self) -> u64 {
   |                   ^^^^^^^^^^^^^^^^
...
76 |     pub(crate) fn placement(&self) -> &GroundPlacement {
   |                   ^^^^^^^^^

warning: method `granted_quantity` is never used
   --> apps/game-server/src/durability/spell_items_abi.rs:184:19
    |
183 | impl DurableInventoryGrantReservation {
    | ------------------------------------- method in this implementation
184 |     pub(crate) fn granted_quantity(&self) -> u32 {
    |                   ^^^^^^^^^^^^^^^^

warning: methods `item` and `source_item_id` are never used
   --> apps/game-server/src/durability/spell_items_abi.rs:293:19
    |
292 | impl QualifiedRuneDefinition {
    | ---------------------------- methods in this implementation
293 |     pub(crate) fn item(&self) -> &QualifiedItemDefinition {
    |                   ^^^^
...
296 |     pub(crate) fn source_item_id(&self) -> u32 {
    |                   ^^^^^^^^^^^^^^

warning: methods `item_instance_id` and `state_revision` are never used
   --> apps/game-server/src/durability/spell_items_abi.rs:310:19
    |
309 | impl DurableRuneUseReservation {
    | ------------------------------ methods in this implementation
310 |     pub(crate) fn item_instance_id(&self) -> &[u8; 16] {
    |                   ^^^^^^^^^^^^^^^^
...
313 |     pub(crate) fn state_revision(&self) -> u64 {
    |                   ^^^^^^^^^^^^^^

warning: function `stage_familiar_owner_commit` is never used
   --> apps/game-server/src/durability/spell_owner_commit.rs:164:21
    |
164 | pub(crate) async fn stage_familiar_owner_commit(
    |                     ^^^^^^^^^^^^^^^^^^^^^^^^^^^

warning: variant `Unsupported` is never constructed
  --> apps/game-server/src/durability/spell_premium_abi.rs:14:5
   |
10 | pub(crate) enum Error {
   |                 ----- variant in this enum
...
14 |     Unsupported,
   |     ^^^^^^^^^^^
   |
   = note: `Error` has a derived impl for the trait `Debug`, but this is intentionally ignored during dead code analysis

warning: field `refresh` is never read
  --> apps/game-server/src/durability/spell_premium_abi.rs:96:5
   |
88 | pub(crate) struct AuthenticatedSnapshot {
   |                   --------------------- field in this struct
...
96 |     refresh: i64,
   |     ^^^^^^^
   |
   = note: `AuthenticatedSnapshot` has derived impls for the traits `Clone` and `Debug`, but these are intentionally ignored during dead code analysis

warning: methods `valid_until` and `refresh_after` are never used
   --> apps/game-server/src/durability/spell_premium_abi.rs:129:19
    |
100 | impl AuthenticatedSnapshot {
    | -------------------------- methods in this implementation
...
129 |     pub(crate) fn valid_until(&self) -> i64 {
    |                   ^^^^^^^^^^^
...
132 |     pub(crate) fn refresh_after(&self) -> i64 {
    |                   ^^^^^^^^^^^^^

warning: function `read_exiva_decision_in_transaction` is never used
  --> apps/game-server/src/durability/spell_privacy.rs:90:21
   |
90 | pub(crate) async fn read_exiva_decision_in_transaction(
   |                     ^^^^^^^^^^^^^^^^^^^^^^^^^^^^^^^^^^

warning: function `initialize_exiva_preferences_in_transaction` is never used
   --> apps/game-server/src/durability/spell_privacy.rs:179:21
    |
179 | pub(crate) async fn initialize_exiva_preferences_in_transaction(
    |                     ^^^^^^^^^^^^^^^^^^^^^^^^^^^^^^^^^^^^^^^^^^^

warning: function `write_exiva_preferences_in_transaction` is never used
   --> apps/game-server/src/durability/spell_privacy.rs:209:21
    |
209 | pub(crate) async fn write_exiva_preferences_in_transaction(
    |                     ^^^^^^^^^^^^^^^^^^^^^^^^^^^^^^^^^^^^^^

warning: enum `Error` is never used
 --> apps/game-server/src/durability/world_house_instance.rs:9:17
  |
9 | pub(crate) enum Error {
  |                 ^^^^^

warning: struct `CurrentWorldHouseAdmission` is never constructed
  --> apps/game-server/src/durability/world_house_instance.rs:24:19
   |
24 | pub(crate) struct CurrentWorldHouseAdmission {
   |                   ^^^^^^^^^^^^^^^^^^^^^^^^^^

warning: multiple methods are never used
  --> apps/game-server/src/durability/world_house_instance.rs:37:19
   |
36 | impl CurrentWorldHouseAdmission {
   | ------------------------------- methods in this implementation
37 |     pub(crate) fn scope(&self) -> RuntimeScopeRefV1 {
   |                   ^^^^^
...
40 |     pub(crate) fn session(&self) -> GameSessionId {
   |                   ^^^^^^^
...
43 |     pub(crate) fn character(&self) -> [u8; 16] {
   |                   ^^^^^^^^^
...
46 |     pub(crate) fn connection_generation(&self) -> u64 {
   |                   ^^^^^^^^^^^^^^^^^^^^^
...
49 |     pub(crate) fn lease_generation(&self) -> u64 {
   |                   ^^^^^^^^^^^^^^^^
...
52 |     pub(crate) fn scope_generation(&self) -> u64 {
   |                   ^^^^^^^^^^^^^^^^
...
55 |     pub(crate) fn house_key(&self) -> &str {
   |                   ^^^^^^^^^
...
58 |     pub(crate) fn house_revision(&self) -> &str {
   |                   ^^^^^^^^^^^^^^
...
61 |     pub(crate) fn content_digest(&self) -> [u8; 32] {
   |                   ^^^^^^^^^^^^^^
...
64 |     pub(crate) fn placement_digest(&self) -> [u8; 32] {
   |                   ^^^^^^^^^^^^^^^^

warning: function `read_current_world_house_admission_in_transaction` is never used
  --> apps/game-server/src/durability/world_house_instance.rs:71:21
   |
71 | pub(crate) async fn read_current_world_house_admission_in_transaction(
   |                     ^^^^^^^^^^^^^^^^^^^^^^^^^^^^^^^^^^^^^^^^^^^^^^^^^

warning: field `revision` is never read
   --> apps/game-server/src/durability/world_party.rs:154:16
    |
151 | pub(crate) struct PreparedWorldPartyReceipt {
    |                   ------------------------- field in this struct
...
154 |     pub(crate) revision: Option<u64>,
    |                ^^^^^^^^
    |
    = note: `PreparedWorldPartyReceipt` has a derived impl for the trait `Debug`, but this is intentionally ignored during dead code analysis

warning: function `apply_world_party_command_with_logout_in_transaction` is never used
   --> apps/game-server/src/durability/world_party.rs:198:21
    |
198 | pub(crate) async fn apply_world_party_command_with_logout_in_transaction(
    |                     ^^^^^^^^^^^^^^^^^^^^^^^^^^^^^^^^^^^^^^^^^^^^^^^^^^^^

warning: function `initialize_party_social_baseline_in_transaction` is never used
   --> apps/game-server/src/durability/world_party.rs:447:21
    |
447 | pub(crate) async fn initialize_party_social_baseline_in_transaction(
    |                     ^^^^^^^^^^^^^^^^^^^^^^^^^^^^^^^^^^^^^^^^^^^^^^^

warning: function `open_house_gui_in_transaction` is never used
   --> apps/game-server/src/durability/house_spell_acl.rs:104:21
    |
104 | pub(crate) async fn open_house_gui_in_transaction(
    |                     ^^^^^^^^^^^^^^^^^^^^^^^^^^^^^

warning: function `resolve_list` is never used
   --> apps/game-server/src/durability/house_spell_acl.rs:211:10
    |
211 | async fn resolve_list(
    |          ^^^^^^^^^^^^

warning: function `save_editor_in_transaction` is never used
   --> apps/game-server/src/durability/house_spell_acl.rs:255:21
    |
255 | pub(crate) async fn save_editor_in_transaction(
    |                     ^^^^^^^^^^^^^^^^^^^^^^^^^^

warning: methods `sequence` and `mana_shield` are never used
   --> apps/game-server/src/foundation/../ability/condition.rs:494:25
    |
485 | impl<S> ConditionInstance<S> {
    | ---------------------------- methods in this implementation
...
494 |     pub(crate) const fn sequence(&self) -> u32 {
    |                         ^^^^^^^^
...
516 |     pub(crate) const fn mana_shield(&self) -> (u32, u32) {
    |                         ^^^^^^^^^^^

warning: method `apply_with_lineage` is never used
   --> apps/game-server/src/foundation/../ability/condition.rs:637:19
    |
634 | impl<S: Clone> ConditionStore<S> {
    | -------------------------------- method in this implementation
...
637 |     pub(crate) fn apply_with_lineage(
    |                   ^^^^^^^^^^^^^^^^^^

warning: function `pacing_available` is never used
   --> apps/game-server/src/gameplay_transport/actor_movement.rs:490:15
    |
490 | pub(crate) fn pacing_available(
    |               ^^^^^^^^^^^^^^^^

warning: function `familiar_owner_lock_measurement` is never used
  --> apps/game-server/src/gameplay_transport/familiar_cast.rs:30:15
   |
30 | pub(crate) fn familiar_owner_lock_measurement() -> (u64, u64) {
   |               ^^^^^^^^^^^^^^^^^^^^^^^^^^^^^^^

warning: field `spell_index` is never read
  --> apps/game-server/src/gameplay_transport/familiar_cast.rs:61:5
   |
56 | pub(crate) struct PreparedFamiliarCast {
   |                   -------------------- field in this struct
...
61 |     spell_index: NonZeroU32,
   |     ^^^^^^^^^^^
   |
   = note: `PreparedFamiliarCast` has derived impls for the traits `Clone` and `Debug`, but these are intentionally ignored during dead code analysis

warning: variant `Advance` is never constructed
    --> apps/game-server/src/gameplay_transport/familiar_cast.rs:1254:5
     |
1252 | pub(crate) enum FamiliarOwnerEvent<'a> {
     |                 ------------------ variant in this enum
1253 |     Login(&'a crate::foundation::fresh_admission_durability::FreshAdmissionCommitRequestV1),
1254 |     Advance(&'a crate::durability::character_progression::CommittedExperienceAward),
     |     ^^^^^^^

warning: method `cast_rune_item` is never used
    --> apps/game-server/src/gameplay_transport/native_combat_cast.rs:2353:48
     |
2290 | impl super::super::ComposedFreshAdmission<'_, '_, '_> {
     | ----------------------------------------------------- method in this implementation
...
2353 |     pub(in crate::gameplay_transport) async fn cast_rune_item<
     |                                                ^^^^^^^^^^^^^^

warning: field `result` is never read
   --> apps/game-server/src/gameplay_transport/parameter_cast.rs:204:16
    |
202 | pub(in crate::gameplay_transport) struct ParameterCastDispatch {
    |                                          --------------------- field in this struct
203 |     pub(crate) cast: NativeCastDispatch,
204 |     pub(crate) result: Option<ParameterSpellCastResult>,
    |                ^^^^^^

warning: field `relocation` is never read
   --> apps/game-server/src/gameplay_transport/parameter_cast.rs:229:5
    |
212 | pub(crate) struct PreparedParameterCast {
    |                   --------------------- field in this struct
...
229 |     relocation: Option<crate::foundation::QualifiedSpellRelocation>,
    |     ^^^^^^^^^^
    |
    = note: `PreparedParameterCast` has a derived impl for the trait `Debug`, but this is intentionally ignored during dead code analysis

warning: field `0` is never read
  --> apps/game-server/src/gameplay_transport/spell_access_facts.rs:33:15
   |
33 |     Equipment(EquipmentError),
   |     --------- ^^^^^^^^^^^^^^
   |     |
   |     field in this variant
   |
   = note: `AccessFactsError` has a derived impl for the trait `Debug`, but this is intentionally ignored during dead code analysis
help: consider changing the field to be of unit type to suppress this warning while preserving the field numbering, or remove the field
   |
33 -     Equipment(EquipmentError),
33 +     Equipment(()),
   |

warning: field `0` is never read
  --> apps/game-server/src/gameplay_transport/spell_access_facts.rs:34:14
   |
34 |     Database(sqlx::Error),
   |     -------- ^^^^^^^^^^^
   |     |
   |     field in this variant
   |
   = note: `AccessFactsError` has a derived impl for the trait `Debug`, but this is intentionally ignored during dead code analysis
help: consider changing the field to be of unit type to suppress this warning while preserving the field numbering, or remove the field
   |
34 -     Database(sqlx::Error),
34 +     Database(()),
   |

warning: field `0` is never read
  --> apps/game-server/src/gameplay_transport/spell_access_facts.rs:36:11
   |
36 |     Facts(OwnedFactsError),
   |     ----- ^^^^^^^^^^^^^^^
   |     |
   |     field in this variant
   |
   = note: `AccessFactsError` has a derived impl for the trait `Debug`, but this is intentionally ignored during dead code analysis
help: consider changing the field to be of unit type to suppress this warning while preserving the field numbering, or remove the field
   |
36 -     Facts(OwnedFactsError),
36 +     Facts(()),
   |

warning: field `0` is never read
  --> apps/game-server/src/gameplay_transport/spell_access_facts.rs:37:17
   |
37 |     Unavailable(&'static str),
   |     ----------- ^^^^^^^^^^^^
   |     |
   |     field in this variant
   |
   = note: `AccessFactsError` has a derived impl for the trait `Debug`, but this is intentionally ignored during dead code analysis
help: consider changing the field to be of unit type to suppress this warning while preserving the field numbering, or remove the field
   |
37 -     Unavailable(&'static str),
37 +     Unavailable(()),
   |

warning: variant `Durability` is never constructed
  --> apps/game-server/src/gameplay_transport/spell_access_facts.rs:35:5
   |
32 | pub(crate) enum AccessFactsError {
   |                 ---------------- variant in this enum
...
35 |     Durability(DurabilityError),
   |     ^^^^^^^^^^
   |
   = note: `AccessFactsError` has a derived impl for the trait `Debug`, but this is intentionally ignored during dead code analysis

warning: field `0` is never read
  --> apps/game-server/src/gameplay_transport/spell_entitlements.rs:16:12
   |
16 |     Source(SourceError),
   |     ------ ^^^^^^^^^^^
   |     |
   |     field in this variant
   |
   = note: `Error` has a derived impl for the trait `Debug`, but this is intentionally ignored during dead code analysis
help: consider changing the field to be of unit type to suppress this warning while preserving the field numbering, or remove the field
   |
16 -     Source(SourceError),
16 +     Source(()),
   |

warning: field `0` is never read
  --> apps/game-server/src/gameplay_transport/spell_entitlements.rs:21:16
   |
21 |     Durability(crate::durability::DurabilityError),
   |     ---------- ^^^^^^^^^^^^^^^^^^^^^^^^^^^^^^^^^^
   |     |
   |     field in this variant
   |
   = note: `Error` has a derived impl for the trait `Debug`, but this is intentionally ignored during dead code analysis
help: consider changing the field to be of unit type to suppress this warning while preserving the field numbering, or remove the field
   |
21 -     Durability(crate::durability::DurabilityError),
21 +     Durability(()),
   |

warning: associated function `new` is never used
  --> apps/game-server/src/gameplay_transport/spell_entitlements.rs:79:19
   |
78 | impl PremiumSource {
   | ------------------ associated function in this implementation
79 |     pub(crate) fn new(
   |                   ^^^

warning: method `classification` is never used
   --> apps/game-server/src/gameplay_transport/spell_entitlements.rs:201:19
    |
159 | impl PremiumAccessOwner {
    | ----------------------- method in this implementation
...
201 |     pub(crate) fn classification(&self) -> Classification {
    |                   ^^^^^^^^^^^^^^

warning: variant `Source` is never constructed
  --> apps/game-server/src/gameplay_transport/spell_presentation_publisher.rs:45:5
   |
40 | pub(crate) enum Error {
   |                 ----- variant in this enum
...
45 |     Source,
   |     ^^^^^^
   |
   = note: `Error` has derived impls for the traits `Clone` and `Debug`, but these are intentionally ignored during dead code analysis

warning: field `condition_revision` is never read
   --> apps/game-server/src/gameplay_transport/spell_presentation_publisher.rs:256:5
    |
250 | pub(crate) struct CandidateSessionPublisher {
    |                   ------------------------- field in this struct
...
256 |     condition_revision: u64,
    |     ^^^^^^^^^^^^^^^^^^
    |
    = note: `CandidateSessionPublisher` has a derived impl for the trait `Debug`, but this is intentionally ignored during dead code analysis

warning: methods `snapshot_begin`, `snapshot_commit`, `publish_current_conditions`, and `pop_current_condition_transport` are never used
   --> apps/game-server/src/gameplay_transport/spell_presentation_publisher.rs:270:19
    |
263 | impl CandidateSessionPublisher {
    | ------------------------------ methods in this implementation
...
270 |     pub(crate) fn snapshot_begin(
    |                   ^^^^^^^^^^^^^^
...
283 |     pub(crate) fn snapshot_commit(&mut self, id: u64) -> Result<(), Error> {
    |                   ^^^^^^^^^^^^^^^
...
303 |     pub(crate) async fn publish_current_conditions(
    |                         ^^^^^^^^^^^^^^^^^^^^^^^^^^
...
387 |     pub(crate) async fn pop_current_condition_transport(
    |                         ^^^^^^^^^^^^^^^^^^^^^^^^^^^^^^^

warning: struct `CooldownRead` is never constructed
  --> apps/game-server/src/gameplay_transport/spell_presentation_cooldowns.rs:11:19
   |
11 | pub(crate) struct CooldownRead<'a> {
   |                   ^^^^^^^^^^^^

warning: fields `binding` and `published` are never read
  --> apps/game-server/src/gameplay_transport/spell_presentation_cooldowns.rs:19:5
   |
18 | pub(crate) struct CandidateCooldownPublisher {
   |                   -------------------------- fields in this struct
19 |     binding: Option<(ScopeContext, GameSessionId, u64)>,
   |     ^^^^^^^
20 |     published: BTreeMap<Key, u64>,
   |     ^^^^^^^^^
   |
   = note: `CandidateCooldownPublisher` has a derived impl for the trait `Debug`, but this is intentionally ignored during dead code analysis

warning: function `map_owned` is never used
  --> apps/game-server/src/gameplay_transport/spell_presentation_cooldowns.rs:26:4
   |
26 | fn map_owned(
   |    ^^^^^^^^^

warning: methods `bind`, `snapshot_current`, `delta_current`, `record_after_probe_sent_current`, and `observe_ack_current` are never used
   --> apps/game-server/src/gameplay_transport/spell_presentation_cooldowns.rs:83:8
    |
 82 | impl CandidateCooldownPublisher {
    | ------------------------------- methods in this implementation
 83 |     fn bind(&mut self, observer: &Observer) {
    |        ^^^^
...
121 |     pub(crate) async fn snapshot_current(
    |                         ^^^^^^^^^^^^^^^^
...
146 |     pub(crate) async fn delta_current(
    |                         ^^^^^^^^^^^^^
...
187 |     pub(crate) async fn record_after_probe_sent_current(
    |                         ^^^^^^^^^^^^^^^^^^^^^^^^^^^^^^^
...
216 |     pub(crate) async fn observe_ack_current(
    |                         ^^^^^^^^^^^^^^^^^^^

warning: function `rejected` is never used
   --> apps/game-server/src/gameplay_transport/spell_presentation_cooldowns.rs:260:4
    |
260 | fn rejected(_error: Error) -> SpellItemError {
    |    ^^^^^^^^

warning: variant `Codec` is never constructed
  --> apps/game-server/src/gameplay_transport/condition_snapshots.rs:24:5
   |
21 | pub(crate) enum Error {
   |                 ----- variant in this enum
...
24 |     Codec,
   |     ^^^^^
   |
   = note: `Error` has derived impls for the traits `Clone` and `Debug`, but these are intentionally ignored during dead code analysis

warning: fields `snapshot`, `bytes`, `state`, `position`, `facts`, and `equipment` are never read
  --> apps/game-server/src/gameplay_transport/condition_snapshots.rs:28:5
   |
27 | pub(crate) struct PreparedConditionSnapshot {
   |                   ------------------------- fields in this struct
28 |     snapshot: Snapshot,
   |     ^^^^^^^^
29 |     bytes: Vec<u8>,
   |     ^^^^^
30 |     state: PlayerSpellState,
   |     ^^^^^
31 |     position: MovementPositionSnapshot,
   |     ^^^^^^^^
32 |     facts: CastFactsBinding,
   |     ^^^^^
33 |     equipment: crate::durability::character_equipment::EquipmentSnapshot,
   |     ^^^^^^^^^
   |
   = note: `PreparedConditionSnapshot` has derived impls for the traits `Clone` and `Debug`, but these are intentionally ignored during dead code analysis

warning: methods `snapshot`, `bytes`, and `validate_current` are never used
  --> apps/game-server/src/gameplay_transport/condition_snapshots.rs:36:19
   |
35 | impl PreparedConditionSnapshot {
   | ------------------------------ methods in this implementation
36 |     pub(crate) fn snapshot(&self) -> &Snapshot {
   |                   ^^^^^^^^
...
39 |     pub(crate) fn bytes(&self) -> &[u8] {
   |                   ^^^^^
...
44 |     pub(crate) fn validate_current(
   |                   ^^^^^^^^^^^^^^^^

warning: function `prepare_current_player_in_transaction` is never used
   --> apps/game-server/src/gameplay_transport/condition_snapshots.rs:110:21
    |
110 | pub(crate) async fn prepare_current_player_in_transaction(
    |                     ^^^^^^^^^^^^^^^^^^^^^^^^^^^^^^^^^^^^^

warning: field `0` is never read
  --> apps/game-server/src/gameplay_transport/spell_parameter_cast.rs:18:10
   |
18 |     Wire(ActorSpellError),
   |     ---- ^^^^^^^^^^^^^^^
   |     |
   |     field in this variant
   |
   = note: `Error` has a derived impl for the trait `Debug`, but this is intentionally ignored during dead code analysis
help: consider changing the field to be of unit type to suppress this warning while preserving the field numbering, or remove the field
   |
18 -     Wire(ActorSpellError),
18 +     Wire(()),
   |

warning: variants `InvalidCurrentSpell`, `InvalidTarget`, and `FindPerson` are never constructed
  --> apps/game-server/src/gameplay_transport/spell_parameter_cast.rs:19:5
   |
16 | pub(crate) enum Error {
   |                 ----- variants in this enum
...
19 |     InvalidCurrentSpell,
   |     ^^^^^^^^^^^^^^^^^^^
20 |     InvalidTarget,
   |     ^^^^^^^^^^^^^
21 |     FindPerson(crate::spell::find_person_execution::Error),
   |     ^^^^^^^^^^
   |
   = note: `Error` has a derived impl for the trait `Debug`, but this is intentionally ignored during dead code analysis

warning: function `plan_find_person_parameter_in_transaction` is never used
  --> apps/game-server/src/gameplay_transport/spell_parameter_cast.rs:60:21
   |
60 | pub(crate) async fn plan_find_person_parameter_in_transaction(
   |                     ^^^^^^^^^^^^^^^^^^^^^^^^^^^^^^^^^^^^^^^^^

warning: struct `CueRequest` is never constructed
  --> apps/game-server/src/gameplay_transport/spell_presentations.rs:24:19
   |
24 | pub(crate) struct CueRequest {
   |                   ^^^^^^^^^^

warning: method `prepare` is never used
   --> apps/game-server/src/gameplay_transport/spell_presentations.rs:279:19
    |
216 | impl SpellPresentationOwner {
    | --------------------------- method in this implementation
...
279 |     pub(crate) fn prepare(
    |                   ^^^^^^^

warning: methods `count` and `root_revision` are never used
   --> apps/game-server/src/../tests/support/bestiary_postgres_harness.rs:221:25
    |
162 | impl Harness {
    | ------------ methods in this implementation
...
221 |     pub(crate) async fn count(&self, relation: &str) -> TestResult<i64> {
    |                         ^^^^^
...
229 |     pub(crate) async fn root_revision(&self) -> TestResult<String> {
    |                         ^^^^^^^^^^^^^

warning: function `context` is never used
   --> apps/game-server/src/../tests/support/bestiary_postgres_harness.rs:432:15
    |
432 | pub(crate) fn context() -> ProgressionRevisionContext<String> {
    |               ^^^^^^^

warning: function `read_chunked` is never used
   --> apps/game-server/src/native_admission_source/http1_mtls.rs:324:10
    |
324 | async fn read_chunked<S: AsyncRead + Unpin>(stream: &mut S) -> Result<Vec<u8>, SourceError> {
    |          ^^^^^^^^^^^^

warning: for loop over a `&Option`. This is more readably written as an `if let` statement
   --> apps/game-server/src/gameplay_transport/native_companion_item_cast.rs:384:24
    |
384 |         for binding in &p.cast_cue {
    |                        ^^^^^^^^^^^
    |
    = note: `#[warn(for_loops_over_fallibles)]` on by default
help: to check pattern in a loop use `while let`
    |
384 -         for binding in &p.cast_cue {
384 +         while let Some(binding) = &p.cast_cue {
    |
help: consider using `if let` to clear intent
    |
384 -         for binding in &p.cast_cue {
384 +         if let Some(binding) = &p.cast_cue {
    |

warning: for loop over a `&Option`. This is more readably written as an `if let` statement
   --> apps/game-server/src/gameplay_transport/native_companion_item_cast.rs:648:24
    |
648 |         for binding in &p.cast_cue {
    |                        ^^^^^^^^^^^
    |
help: to check pattern in a loop use `while let`
    |
648 -         for binding in &p.cast_cue {
648 +         while let Some(binding) = &p.cast_cue {
    |
help: consider using `if let` to clear intent
    |
648 -         for binding in &p.cast_cue {
648 +         if let Some(binding) = &p.cast_cue {
    |

warning: for loop over a `&Option`. This is more readably written as an `if let` statement
   --> apps/game-server/src/gameplay_transport/native_world_item_cast.rs:415:24
    |
415 |         for binding in &p.cast_cue {
    |                        ^^^^^^^^^^^
    |
help: to check pattern in a loop use `while let`
    |
415 -         for binding in &p.cast_cue {
415 +         while let Some(binding) = &p.cast_cue {
    |
help: consider using `if let` to clear intent
    |
415 -         for binding in &p.cast_cue {
415 +         if let Some(binding) = &p.cast_cue {
    |

warning: for loop over a `&Option`. This is more readably written as an `if let` statement
   --> apps/game-server/src/gameplay_transport/native_world_item_cast.rs:755:24
    |
755 |         for binding in &p.cast_cue {
    |                        ^^^^^^^^^^^
    |
help: to check pattern in a loop use `while let`
    |
755 -         for binding in &p.cast_cue {
755 +         while let Some(binding) = &p.cast_cue {
    |
help: consider using `if let` to clear intent
    |
755 -         for binding in &p.cast_cue {
755 +         if let Some(binding) = &p.cast_cue {
    |

warning: for loop over a `&Option`. This is more readably written as an `if let` statement
    --> apps/game-server/src/gameplay_transport/native_world_item_cast.rs:1026:24
     |
1026 |         for binding in &p.cast_cue {
     |                        ^^^^^^^^^^^
     |
help: to check pattern in a loop use `while let`
     |
1026 -         for binding in &p.cast_cue {
1026 +         while let Some(binding) = &p.cast_cue {
     |
help: consider using `if let` to clear intent
     |
1026 -         for binding in &p.cast_cue {
1026 +         if let Some(binding) = &p.cast_cue {
     |

warning: for loop over a `&Option`. This is more readably written as an `if let` statement
    --> apps/game-server/src/gameplay_transport/ordinary_combat.rs:1359:24
     |
1359 |         for binding in &p.cast_cue {
     |                        ^^^^^^^^^^^
     |
help: to check pattern in a loop use `while let`
     |
1359 -         for binding in &p.cast_cue {
1359 +         while let Some(binding) = &p.cast_cue {
     |
help: consider using `if let` to clear intent
     |
1359 -         for binding in &p.cast_cue {
1359 +         if let Some(binding) = &p.cast_cue {
     |

warning: for loop over a `&Option`. This is more readably written as an `if let` statement
    --> apps/game-server/src/gameplay_transport/ordinary_combat.rs:1365:24
     |
1365 |         for binding in &p.impact_cue {
     |                        ^^^^^^^^^^^^^
     |
help: to check pattern in a loop use `while let`
     |
1365 -         for binding in &p.impact_cue {
1365 +         while let Some(binding) = &p.impact_cue {
     |
help: consider using `if let` to clear intent
     |
1365 -         for binding in &p.impact_cue {
1365 +         if let Some(binding) = &p.impact_cue {
     |

warning: for loop over a `&Option`. This is more readably written as an `if let` statement
    --> apps/game-server/src/gameplay_transport/ordinary_combat.rs:1424:28
     |
1424 |             for binding in &p.caster_effect_asset_binding {
     |                            ^^^^^^^^^^^^^^^^^^^^^^^^^^^^^^
     |
help: to check pattern in a loop use `while let`
     |
1424 -             for binding in &p.caster_effect_asset_binding {
1424 +             while let Some(binding) = &p.caster_effect_asset_binding {
     |
help: consider using `if let` to clear intent
     |
1424 -             for binding in &p.caster_effect_asset_binding {
1424 +             if let Some(binding) = &p.caster_effect_asset_binding {
     |

warning: for loop over a `&Option`. This is more readably written as an `if let` statement
    --> apps/game-server/src/gameplay_transport/ordinary_combat.rs:1430:28
     |
1430 |             for binding in &p.impact_asset_binding {
     |                            ^^^^^^^^^^^^^^^^^^^^^^^
     |
help: to check pattern in a loop use `while let`
     |
1430 -             for binding in &p.impact_asset_binding {
1430 +             while let Some(binding) = &p.impact_asset_binding {
     |
help: consider using `if let` to clear intent
     |
1430 -             for binding in &p.impact_asset_binding {
1430 +             if let Some(binding) = &p.impact_asset_binding {
     |

warning: for loop over a `&Option`. This is more readably written as an `if let` statement
    --> apps/game-server/src/gameplay_transport/ordinary_combat.rs:1464:28
     |
1464 |             for binding in &p.projectile_asset_binding {
     |                            ^^^^^^^^^^^^^^^^^^^^^^^^^^^
     |
help: to check pattern in a loop use `while let`
     |
1464 -             for binding in &p.projectile_asset_binding {
1464 +             while let Some(binding) = &p.projectile_asset_binding {
     |
help: consider using `if let` to clear intent
     |
1464 -             for binding in &p.projectile_asset_binding {
1464 +             if let Some(binding) = &p.projectile_asset_binding {
     |

warning: `oteryn-game-server` (lib test) generated 110 warnings (run `cargo fix --lib -p oteryn-game-server --tests` to apply 7 suggestions)
    Finished `test` profile [unoptimized + debuginfo] target(s) in 1m 23s
  Executable unittests src/lib.rs (/workspace/Oteryn-Game/target/debug/deps/oteryn_game_server-ccaf41209ba80183)
S3B_EVIDENCE platform_build_cache=exact_retained_image image_id=sha256:83c9d98a0824e48fe82ce22d7c9f04addbcb772e181ccc64ec0cf05dc2e28d98
S3B_EVIDENCE platform_build_cache=exact_retained_image image_id=sha256:83c9d98a0824e48fe82ce22d7c9f04addbcb772e181ccc64ec0cf05dc2e28d98
 Network wp5s3blocal1_qualification  Creating
 Network wp5s3blocal1_qualification  Created
 Volume wp5s3blocal1_witness-state  Creating
 Volume wp5s3blocal1_witness-state  Created
 Volume wp5s3blocal1_db-state  Creating
 Volume wp5s3blocal1_db-state  Created
 Container wp5s3blocal1-db-1  Creating
 Container wp5s3blocal1-db-1  Created
 Container wp5s3blocal1-platform-1  Creating
 Container wp5s3blocal1-platform-1  Created
 Container wp5s3blocal1-nginx-1  Creating
 Container wp5s3blocal1-nginx-1  Created
 Container wp5s3blocal1-db-1  Starting
 Container wp5s3blocal1-db-1  Started
 Container wp5s3blocal1-db-1  Waiting
 Container wp5s3blocal1-db-1  Healthy
 Container wp5s3blocal1-platform-1  Starting
 Container wp5s3blocal1-platform-1  Started
 Container wp5s3blocal1-platform-1  Waiting
 Container wp5s3blocal1-platform-1  Healthy
 Container wp5s3blocal1-nginx-1  Starting
 Container wp5s3blocal1-nginx-1  Started
 Container wp5s3blocal1-nginx-1  Waiting
 Container wp5s3blocal1-db-1  Waiting
 Container wp5s3blocal1-platform-1  Waiting
 Container wp5s3blocal1-db-1  Healthy
 Container wp5s3blocal1-platform-1  Healthy
 Container wp5s3blocal1-nginx-1  Healthy
S3B_EVIDENCE platform_seed=synthetic_accounts=2 fresh_trust=published_public_key_only
S3B_EVIDENCE recovery_trust=published_public_key_only purpose=existing_actor_recovery
S3B_EVIDENCE platform_intents=issued count=2 path=operator_command ttl_seconds=300
warning: missing documentation for a function
   --> vendor/tokio-1.53.1/src/sync/oneshot.rs:502:1
    |
502 | pub fn channel<T>() -> (Sender<T>, Receiver<T>) {
    | ^^^^^^^^^^^^^^^^^^^^^^^^^^^^^^^^^^^^^^^^^^^^^^^
    |
note: the lint level is defined here
   --> vendor/tokio-1.53.1/src/lib.rs:9:5
    |
  9 |     missing_docs,
    |     ^^^^^^^^^^^^

warning: `tokio` (lib) generated 1 warning
warning: `tokio` (lib) generated 1 warning (1 duplicate)
warning: unused import: `QualifiedSourceStepTile`
   --> apps/game-server/src/content/mod.rs:111:26
    |
111 | pub(crate) use project::{QualifiedSourceStepTile, SourceFloorChange};
    |                          ^^^^^^^^^^^^^^^^^^^^^^^
    |
    = note: `#[warn(unused_imports)]` (part of `#[warn(unused)]`) on by default

warning: unused import: `PreparedFamiliarDefense`
    --> apps/game-server/src/foundation/mod.rs:1497:29
     |
1497 |     FamiliarDefenseReceipt, PreparedFamiliarDefense,
     |                             ^^^^^^^^^^^^^^^^^^^^^^^

warning: unused imports: `PartyCommand` and `PartyReceipt`
    --> apps/game-server/src/foundation/mod.rs:1500:18
     |
1500 |     PartyAction, PartyCommand, PartyMemberSnapshot, PartyPresence, PartyReceipt, PartySnapshot,
     |                  ^^^^^^^^^^^^                                      ^^^^^^^^^^^^

warning: unused import: `FamiliarOwnerEvent`
  --> apps/game-server/src/gameplay_transport/actor_spell.rs:14:75
   |
14 | pub(in crate::gameplay_transport) use familiar_cast::{FamiliarLogoutSave, FamiliarOwnerEvent};
   |                                                                           ^^^^^^^^^^^^^^^^^^

warning: unused imports: `pacing_available` and `step_in_channel`
  --> apps/game-server/src/gameplay_transport/actor_spell.rs:39:48
   |
39 | pub(crate) use actor_movement::{StepInChannel, pacing_available, step_in_channel};
   |                                                ^^^^^^^^^^^^^^^^  ^^^^^^^^^^^^^^^

warning: unused imports: `CandidateCooldownPublisher` and `CooldownRead`
   --> apps/game-server/src/gameplay_transport/spell_presentation_publisher.rs:541:28
    |
541 | pub(crate) use cooldowns::{CandidateCooldownPublisher, CooldownRead};
    |                            ^^^^^^^^^^^^^^^^^^^^^^^^^^  ^^^^^^^^^^^^

warning: unused import: `SourcePartyWorld`
    --> apps/game-server/src/gameplay_transport/mod.rs:3463:36
     |
3463 | pub(crate) use party_spell_owner::{SourcePartyWorld, read_source_party_world_in_transaction};
     |                                    ^^^^^^^^^^^^^^^^

warning: method `native_source_world` is never used
   --> apps/game-server/src/content/activation.rs:116:19
    |
115 | impl ActiveGeneration {
    | --------------------- method in this implementation
116 |     pub(crate) fn native_source_world(&self) -> Option<&[u8]> {
    |                   ^^^^^^^^^^^^^^^^^^^
    |
    = note: `#[warn(dead_code)]` (part of `#[warn(unused)]`) on by default

warning: field `native_map_profile` is never read
   --> apps/game-server/src/content/native_gameplay.rs:307:5
    |
306 | pub(crate) struct NativeGameplayState {
    |                   ------------------- field in this struct
307 |     native_map_profile: NativeGameplayMapProfile,
    |     ^^^^^^^^^^^^^^^^^^
    |
    = note: `NativeGameplayState` has derived impls for the traits `Clone` and `Debug`, but these are intentionally ignored during dead code analysis

warning: method `native_map_profile` is never used
   --> apps/game-server/src/content/native_gameplay.rs:331:19
    |
330 | impl NativeGameplayState {
    | ------------------------ method in this implementation
331 |     pub(crate) fn native_map_profile(&self) -> NativeGameplayMapProfile {
    |                   ^^^^^^^^^^^^^^^^^^

warning: methods `source_position`, `pickupable`, and `block_pathfind` are never used
   --> apps/game-server/src/content/project/native_spell_world.rs:134:19
    |
127 | impl QualifiedMutableSourcePlacement {
    | ------------------------------------ methods in this implementation
...
134 |     pub(crate) fn source_position(&self) -> [i32; 3] {
    |                   ^^^^^^^^^^^^^^^
...
149 |     pub(crate) fn pickupable(&self) -> bool {
    |                   ^^^^^^^^^^
...
158 |     pub(crate) fn block_pathfind(&self) -> bool {
    |                   ^^^^^^^^^^^^^^

warning: method `source_identity_bindings` is never used
   --> apps/game-server/src/content/project/native_spell_world.rs:218:19
    |
175 | impl QualifiedNativeSpellWorld {
    | ------------------------------ method in this implementation
...
218 |     pub(crate) fn source_identity_bindings(&self) -> &[ProjectV2SourceIdentityBinding] {
    |                   ^^^^^^^^^^^^^^^^^^^^^^^^

warning: method `source_digest` is never used
   --> apps/game-server/src/content/spell_familiar_defenses.rs:112:19
    |
 40 | impl CompiledFamiliarDefenses {
    | ----------------------------- method in this implementation
...
112 |     pub(crate) fn source_digest(&self) -> [u8; 32] {
    |                   ^^^^^^^^^^^^^

warning: method `code` is never used
  --> apps/game-server/src/durability/character_equipment.rs:45:8
   |
37 | impl CombatMode {
   | --------------- method in this implementation
...
45 |     fn code(self) -> i16 {
   |        ^^^^

warning: enum `EquipmentIntent` is never used
  --> apps/game-server/src/durability/character_equipment.rs:79:17
   |
79 | pub(crate) enum EquipmentIntent {
   |                 ^^^^^^^^^^^^^^^

warning: struct `EquipmentReceipt` is never constructed
  --> apps/game-server/src/durability/character_equipment.rs:88:19
   |
88 | pub(crate) struct EquipmentReceipt {
   |                   ^^^^^^^^^^^^^^^^

warning: function `apply_equipment_in_transaction` is never used
   --> apps/game-server/src/durability/character_equipment.rs:336:21
    |
336 | pub(crate) async fn apply_equipment_in_transaction(
    |                     ^^^^^^^^^^^^^^^^^^^^^^^^^^^^^^

warning: method `prepare_character_familiar_in_transaction` is never used
   --> apps/game-server/src/durability/character_familiar.rs:369:25
    |
269 | impl DurabilityRoot {
    | ------------------- method in this implementation
...
369 |     pub(crate) async fn prepare_character_familiar_in_transaction(
    |                         ^^^^^^^^^^^^^^^^^^^^^^^^^^^^^^^^^^^^^^^^^

warning: field `0` is never read
  --> apps/game-server/src/durability/character_wheel.rs:15:16
   |
15 |     Durability(DurabilityError),
   |     ---------- ^^^^^^^^^^^^^^^
   |     |
   |     field in this variant
   |
   = note: `WheelError` has a derived impl for the trait `Debug`, but this is intentionally ignored during dead code analysis
help: consider changing the field to be of unit type to suppress this warning while preserving the field numbering, or remove the field
   |
15 -     Durability(DurabilityError),
15 +     Durability(()),
   |

warning: field `0` is never read
  --> apps/game-server/src/durability/character_wheel.rs:16:15
   |
16 |     Equipment(EquipmentError),
   |     --------- ^^^^^^^^^^^^^^
   |     |
   |     field in this variant
   |
   = note: `WheelError` has a derived impl for the trait `Debug`, but this is intentionally ignored during dead code analysis
help: consider changing the field to be of unit type to suppress this warning while preserving the field numbering, or remove the field
   |
16 -     Equipment(EquipmentError),
16 +     Equipment(()),
   |

warning: field `0` is never read
  --> apps/game-server/src/durability/character_wheel.rs:17:14
   |
17 |     Database(sqlx::Error),
   |     -------- ^^^^^^^^^^^
   |     |
   |     field in this variant
   |
   = note: `WheelError` has a derived impl for the trait `Debug`, but this is intentionally ignored during dead code analysis
help: consider changing the field to be of unit type to suppress this warning while preserving the field numbering, or remove the field
   |
17 -     Database(sqlx::Error),
17 +     Database(()),
   |

warning: field `0` is never read
  --> apps/game-server/src/durability/character_wheel.rs:18:14
   |
18 |     Rejected(&'static str),
   |     -------- ^^^^^^^^^^^^
   |     |
   |     field in this variant
   |
   = note: `WheelError` has a derived impl for the trait `Debug`, but this is intentionally ignored during dead code analysis
help: consider changing the field to be of unit type to suppress this warning while preserving the field numbering, or remove the field
   |
18 -     Rejected(&'static str),
18 +     Rejected(()),
   |

warning: struct `WheelReceipt` is never constructed
  --> apps/game-server/src/durability/character_wheel.rs:48:19
   |
48 | pub(crate) struct WheelReceipt {
   |                   ^^^^^^^^^^^^

warning: function `uuid` is never used
  --> apps/game-server/src/durability/character_wheel.rs:60:4
   |
60 | fn uuid(s: String) -> Result<[u8; 16]> {
   |    ^^^^

warning: function `apply_wheel_assignment_in_transaction` is never used
   --> apps/game-server/src/durability/character_wheel.rs:125:21
    |
125 | pub(crate) async fn apply_wheel_assignment_in_transaction(
    |                     ^^^^^^^^^^^^^^^^^^^^^^^^^^^^^^^^^^^^^

warning: method `read_wheel_snapshot` is never used
   --> apps/game-server/src/durability/character_wheel.rs:234:25
    |
233 | impl DurabilityRoot {
    | ------------------- method in this implementation
234 |     pub(crate) async fn read_wheel_snapshot(
    |                         ^^^^^^^^^^^^^^^^^^^

warning: trait `EquipmentPolicyLookup` is never used
 --> apps/game-server/src/durability/equipment_policy_abi.rs:8:18
  |
8 | pub(crate) trait EquipmentPolicyLookup: policy_registration::Registered {
  |                  ^^^^^^^^^^^^^^^^^^^^^

warning: trait `Registered` is never used
 --> apps/game-server/src/durability/equipment_policy_abi.rs:6:22
  |
6 |     pub(crate) trait Registered {}
  |                      ^^^^^^^^^^

warning: fields `placement_key`, `transaction_id`, `item_instance_id`, and `replayed` are never read
  --> apps/game-server/src/durability/native_map_items_abi.rs:36:16
   |
35 | pub(crate) struct MaterializedNativeMapItem {
   |                   ------------------------- fields in this struct
36 |     pub(crate) placement_key: String,
   |                ^^^^^^^^^^^^^
37 |     pub(crate) transaction_id: [u8; 16],
   |                ^^^^^^^^^^^^^^
38 |     pub(crate) item_instance_id: [u8; 16],
   |                ^^^^^^^^^^^^^^^^
39 |     pub(crate) replayed: bool,
   |                ^^^^^^^^
   |
   = note: `MaterializedNativeMapItem` has derived impls for the traits `Clone` and `Debug`, but these are intentionally ignored during dead code analysis

warning: method `lookup_character_name_for_spell` is never used
  --> apps/game-server/src/durability/spell_character_lookup.rs:96:25
   |
47 | impl DurabilityRoot {
   | ------------------- method in this implementation
...
96 |     pub(crate) async fn lookup_character_name_for_spell(
   |                         ^^^^^^^^^^^^^^^^^^^^^^^^^^^^^^^

warning: methods `group_id` and `account_type` are never used
  --> apps/game-server/src/durability/spell_familiar_group.rs:33:19
   |
26 | impl FamiliarGroupSnapshot {
   | -------------------------- methods in this implementation
...
33 |     pub(crate) fn group_id(&self) -> u32 {
   |                   ^^^^^^^^
...
36 |     pub(crate) fn account_type(&self) -> u32 {
   |                   ^^^^^^^^^^^^

warning: struct `PendingFamiliarGroup` is never constructed
   --> apps/game-server/src/durability/spell_familiar_group.rs:128:19
    |
128 | pub(crate) struct PendingFamiliarGroup {
    |                   ^^^^^^^^^^^^^^^^^^^^

warning: function `initialize_group_in_transaction` is never used
   --> apps/game-server/src/durability/spell_familiar_group.rs:131:21
    |
131 | pub(crate) async fn initialize_group_in_transaction(
    |                     ^^^^^^^^^^^^^^^^^^^^^^^^^^^^^^^

warning: method `read_familiar_group` is never used
   --> apps/game-server/src/durability/spell_familiar_group.rs:187:25
    |
160 | impl DurabilityRoot {
    | ------------------- method in this implementation
...
187 |     pub(crate) async fn read_familiar_group(
    |                         ^^^^^^^^^^^^^^^^^^^

warning: variant `Training` is never constructed
  --> apps/game-server/src/durability/spell_item_transaction.rs:20:5
   |
16 | pub(crate) enum SpellItemError {
   |                 -------------- variant in this enum
...
20 |     Training(super::character_progression::CharacterProgressionError),
   |     ^^^^^^^^
   |
   = note: `SpellItemError` has a derived impl for the trait `Debug`, but this is intentionally ignored during dead code analysis

warning: function `read_source_item_description_in_transaction` is never used
  --> apps/game-server/src/durability/spell_item_transaction.rs:45:21
   |
45 | pub(crate) async fn read_source_item_description_in_transaction(
   |                     ^^^^^^^^^^^^^^^^^^^^^^^^^^^^^^^^^^^^^^^^^^^

warning: struct `WorldItemSpellCommit` is never constructed
  --> apps/game-server/src/durability/spell_item_transaction.rs:68:19
   |
68 | pub(crate) struct WorldItemSpellCommit {
   |                   ^^^^^^^^^^^^^^^^^^^^

warning: struct `WorldItemTraining` is never constructed
  --> apps/game-server/src/durability/spell_item_transaction.rs:77:19
   |
77 | pub(crate) struct WorldItemTraining {
   |                   ^^^^^^^^^^^^^^^^^

warning: method `commit_world_item_spell` is never used
   --> apps/game-server/src/durability/spell_item_transaction.rs:180:25
    |
 83 | impl DurabilityRoot {
    | ------------------- method in this implementation
...
180 |     pub(crate) async fn commit_world_item_spell(
    |                         ^^^^^^^^^^^^^^^^^^^^^^^

warning: function `expire_due_spell_items_in_transaction` is never used
   --> apps/game-server/src/durability/spell_item_transaction.rs:994:21
    |
994 | pub(crate) async fn expire_due_spell_items_in_transaction(
    |                     ^^^^^^^^^^^^^^^^^^^^^^^^^^^^^^^^^^^^^

warning: function `prepare_inventory_merge_in_transaction` is never used
    --> apps/game-server/src/durability/spell_item_transaction.rs:1877:21
     |
1877 | pub(crate) async fn prepare_inventory_merge_in_transaction(
     |                     ^^^^^^^^^^^^^^^^^^^^^^^^^^^^^^^^^^^^^^

warning: methods `definition`, `top_down_ordinal`, and `placement` are never used
  --> apps/game-server/src/durability/spell_items_abi.rs:67:19
   |
63 | impl DurableCorpseReservation {
   | ----------------------------- methods in this implementation
...
67 |     pub(crate) fn definition(&self) -> &TypedDefinitionRef {
   |                   ^^^^^^^^^^
...
73 |     pub(crate) fn top_down_ordinal(&self) -> u64 {
   |                   ^^^^^^^^^^^^^^^^
...
76 |     pub(crate) fn placement(&self) -> &GroundPlacement {
   |                   ^^^^^^^^^

warning: method `granted_quantity` is never used
   --> apps/game-server/src/durability/spell_items_abi.rs:184:19
    |
183 | impl DurableInventoryGrantReservation {
    | ------------------------------------- method in this implementation
184 |     pub(crate) fn granted_quantity(&self) -> u32 {
    |                   ^^^^^^^^^^^^^^^^

warning: methods `item` and `source_item_id` are never used
   --> apps/game-server/src/durability/spell_items_abi.rs:293:19
    |
292 | impl QualifiedRuneDefinition {
    | ---------------------------- methods in this implementation
293 |     pub(crate) fn item(&self) -> &QualifiedItemDefinition {
    |                   ^^^^
...
296 |     pub(crate) fn source_item_id(&self) -> u32 {
    |                   ^^^^^^^^^^^^^^

warning: methods `item_instance_id` and `state_revision` are never used
   --> apps/game-server/src/durability/spell_items_abi.rs:310:19
    |
309 | impl DurableRuneUseReservation {
    | ------------------------------ methods in this implementation
310 |     pub(crate) fn item_instance_id(&self) -> &[u8; 16] {
    |                   ^^^^^^^^^^^^^^^^
...
313 |     pub(crate) fn state_revision(&self) -> u64 {
    |                   ^^^^^^^^^^^^^^

warning: function `stage_familiar_owner_commit` is never used
   --> apps/game-server/src/durability/spell_owner_commit.rs:164:21
    |
164 | pub(crate) async fn stage_familiar_owner_commit(
    |                     ^^^^^^^^^^^^^^^^^^^^^^^^^^^

warning: variant `Unsupported` is never constructed
  --> apps/game-server/src/durability/spell_premium_abi.rs:14:5
   |
10 | pub(crate) enum Error {
   |                 ----- variant in this enum
...
14 |     Unsupported,
   |     ^^^^^^^^^^^
   |
   = note: `Error` has a derived impl for the trait `Debug`, but this is intentionally ignored during dead code analysis

warning: field `refresh` is never read
  --> apps/game-server/src/durability/spell_premium_abi.rs:96:5
   |
88 | pub(crate) struct AuthenticatedSnapshot {
   |                   --------------------- field in this struct
...
96 |     refresh: i64,
   |     ^^^^^^^
   |
   = note: `AuthenticatedSnapshot` has derived impls for the traits `Clone` and `Debug`, but these are intentionally ignored during dead code analysis

warning: methods `valid_until` and `refresh_after` are never used
   --> apps/game-server/src/durability/spell_premium_abi.rs:129:19
    |
100 | impl AuthenticatedSnapshot {
    | -------------------------- methods in this implementation
...
129 |     pub(crate) fn valid_until(&self) -> i64 {
    |                   ^^^^^^^^^^^
...
132 |     pub(crate) fn refresh_after(&self) -> i64 {
    |                   ^^^^^^^^^^^^^

warning: function `read_exiva_decision_in_transaction` is never used
  --> apps/game-server/src/durability/spell_privacy.rs:90:21
   |
90 | pub(crate) async fn read_exiva_decision_in_transaction(
   |                     ^^^^^^^^^^^^^^^^^^^^^^^^^^^^^^^^^^

warning: function `initialize_exiva_preferences_in_transaction` is never used
   --> apps/game-server/src/durability/spell_privacy.rs:179:21
    |
179 | pub(crate) async fn initialize_exiva_preferences_in_transaction(
    |                     ^^^^^^^^^^^^^^^^^^^^^^^^^^^^^^^^^^^^^^^^^^^

warning: function `write_exiva_preferences_in_transaction` is never used
   --> apps/game-server/src/durability/spell_privacy.rs:209:21
    |
209 | pub(crate) async fn write_exiva_preferences_in_transaction(
    |                     ^^^^^^^^^^^^^^^^^^^^^^^^^^^^^^^^^^^^^^

warning: enum `Error` is never used
 --> apps/game-server/src/durability/world_house_instance.rs:9:17
  |
9 | pub(crate) enum Error {
  |                 ^^^^^

warning: struct `CurrentWorldHouseAdmission` is never constructed
  --> apps/game-server/src/durability/world_house_instance.rs:24:19
   |
24 | pub(crate) struct CurrentWorldHouseAdmission {
   |                   ^^^^^^^^^^^^^^^^^^^^^^^^^^

warning: multiple methods are never used
  --> apps/game-server/src/durability/world_house_instance.rs:37:19
   |
36 | impl CurrentWorldHouseAdmission {
   | ------------------------------- methods in this implementation
37 |     pub(crate) fn scope(&self) -> RuntimeScopeRefV1 {
   |                   ^^^^^
...
40 |     pub(crate) fn session(&self) -> GameSessionId {
   |                   ^^^^^^^
...
43 |     pub(crate) fn character(&self) -> [u8; 16] {
   |                   ^^^^^^^^^
...
46 |     pub(crate) fn connection_generation(&self) -> u64 {
   |                   ^^^^^^^^^^^^^^^^^^^^^
...
49 |     pub(crate) fn lease_generation(&self) -> u64 {
   |                   ^^^^^^^^^^^^^^^^
...
52 |     pub(crate) fn scope_generation(&self) -> u64 {
   |                   ^^^^^^^^^^^^^^^^
...
55 |     pub(crate) fn house_key(&self) -> &str {
   |                   ^^^^^^^^^
...
58 |     pub(crate) fn house_revision(&self) -> &str {
   |                   ^^^^^^^^^^^^^^
...
61 |     pub(crate) fn content_digest(&self) -> [u8; 32] {
   |                   ^^^^^^^^^^^^^^
...
64 |     pub(crate) fn placement_digest(&self) -> [u8; 32] {
   |                   ^^^^^^^^^^^^^^^^

warning: function `read_current_world_house_admission_in_transaction` is never used
  --> apps/game-server/src/durability/world_house_instance.rs:71:21
   |
71 | pub(crate) async fn read_current_world_house_admission_in_transaction(
   |                     ^^^^^^^^^^^^^^^^^^^^^^^^^^^^^^^^^^^^^^^^^^^^^^^^^

warning: field `revision` is never read
   --> apps/game-server/src/durability/world_party.rs:154:16
    |
151 | pub(crate) struct PreparedWorldPartyReceipt {
    |                   ------------------------- field in this struct
...
154 |     pub(crate) revision: Option<u64>,
    |                ^^^^^^^^
    |
    = note: `PreparedWorldPartyReceipt` has a derived impl for the trait `Debug`, but this is intentionally ignored during dead code analysis

warning: function `apply_world_party_command_with_logout_in_transaction` is never used
   --> apps/game-server/src/durability/world_party.rs:198:21
    |
198 | pub(crate) async fn apply_world_party_command_with_logout_in_transaction(
    |                     ^^^^^^^^^^^^^^^^^^^^^^^^^^^^^^^^^^^^^^^^^^^^^^^^^^^^

warning: function `initialize_party_social_baseline_in_transaction` is never used
   --> apps/game-server/src/durability/world_party.rs:447:21
    |
447 | pub(crate) async fn initialize_party_social_baseline_in_transaction(
    |                     ^^^^^^^^^^^^^^^^^^^^^^^^^^^^^^^^^^^^^^^^^^^^^^^

warning: function `open_house_gui_in_transaction` is never used
   --> apps/game-server/src/durability/house_spell_acl.rs:104:21
    |
104 | pub(crate) async fn open_house_gui_in_transaction(
    |                     ^^^^^^^^^^^^^^^^^^^^^^^^^^^^^

warning: function `resolve_list` is never used
   --> apps/game-server/src/durability/house_spell_acl.rs:211:10
    |
211 | async fn resolve_list(
    |          ^^^^^^^^^^^^

warning: function `save_editor_in_transaction` is never used
   --> apps/game-server/src/durability/house_spell_acl.rs:255:21
    |
255 | pub(crate) async fn save_editor_in_transaction(
    |                     ^^^^^^^^^^^^^^^^^^^^^^^^^^

warning: methods `sequence` and `mana_shield` are never used
   --> apps/game-server/src/foundation/../ability/condition.rs:494:25
    |
485 | impl<S> ConditionInstance<S> {
    | ---------------------------- methods in this implementation
...
494 |     pub(crate) const fn sequence(&self) -> u32 {
    |                         ^^^^^^^^
...
516 |     pub(crate) const fn mana_shield(&self) -> (u32, u32) {
    |                         ^^^^^^^^^^^

warning: method `apply_with_lineage` is never used
   --> apps/game-server/src/foundation/../ability/condition.rs:637:19
    |
634 | impl<S: Clone> ConditionStore<S> {
    | -------------------------------- method in this implementation
...
637 |     pub(crate) fn apply_with_lineage(
    |                   ^^^^^^^^^^^^^^^^^^

warning: function `pacing_available` is never used
   --> apps/game-server/src/gameplay_transport/actor_movement.rs:490:15
    |
490 | pub(crate) fn pacing_available(
    |               ^^^^^^^^^^^^^^^^

warning: function `familiar_owner_lock_measurement` is never used
  --> apps/game-server/src/gameplay_transport/familiar_cast.rs:30:15
   |
30 | pub(crate) fn familiar_owner_lock_measurement() -> (u64, u64) {
   |               ^^^^^^^^^^^^^^^^^^^^^^^^^^^^^^^

warning: field `spell_index` is never read
  --> apps/game-server/src/gameplay_transport/familiar_cast.rs:61:5
   |
56 | pub(crate) struct PreparedFamiliarCast {
   |                   -------------------- field in this struct
...
61 |     spell_index: NonZeroU32,
   |     ^^^^^^^^^^^
   |
   = note: `PreparedFamiliarCast` has derived impls for the traits `Clone` and `Debug`, but these are intentionally ignored during dead code analysis

warning: variant `Advance` is never constructed
    --> apps/game-server/src/gameplay_transport/familiar_cast.rs:1254:5
     |
1252 | pub(crate) enum FamiliarOwnerEvent<'a> {
     |                 ------------------ variant in this enum
1253 |     Login(&'a crate::foundation::fresh_admission_durability::FreshAdmissionCommitRequestV1),
1254 |     Advance(&'a crate::durability::character_progression::CommittedExperienceAward),
     |     ^^^^^^^

warning: method `cast_rune_item` is never used
    --> apps/game-server/src/gameplay_transport/native_combat_cast.rs:2353:48
     |
2290 | impl super::super::ComposedFreshAdmission<'_, '_, '_> {
     | ----------------------------------------------------- method in this implementation
...
2353 |     pub(in crate::gameplay_transport) async fn cast_rune_item<
     |                                                ^^^^^^^^^^^^^^

warning: field `result` is never read
   --> apps/game-server/src/gameplay_transport/parameter_cast.rs:204:16
    |
202 | pub(in crate::gameplay_transport) struct ParameterCastDispatch {
    |                                          --------------------- field in this struct
203 |     pub(crate) cast: NativeCastDispatch,
204 |     pub(crate) result: Option<ParameterSpellCastResult>,
    |                ^^^^^^

warning: field `relocation` is never read
   --> apps/game-server/src/gameplay_transport/parameter_cast.rs:229:5
    |
212 | pub(crate) struct PreparedParameterCast {
    |                   --------------------- field in this struct
...
229 |     relocation: Option<crate::foundation::QualifiedSpellRelocation>,
    |     ^^^^^^^^^^
    |
    = note: `PreparedParameterCast` has a derived impl for the trait `Debug`, but this is intentionally ignored during dead code analysis

warning: field `0` is never read
  --> apps/game-server/src/gameplay_transport/spell_access_facts.rs:33:15
   |
33 |     Equipment(EquipmentError),
   |     --------- ^^^^^^^^^^^^^^
   |     |
   |     field in this variant
   |
   = note: `AccessFactsError` has a derived impl for the trait `Debug`, but this is intentionally ignored during dead code analysis
help: consider changing the field to be of unit type to suppress this warning while preserving the field numbering, or remove the field
   |
33 -     Equipment(EquipmentError),
33 +     Equipment(()),
   |

warning: field `0` is never read
  --> apps/game-server/src/gameplay_transport/spell_access_facts.rs:34:14
   |
34 |     Database(sqlx::Error),
   |     -------- ^^^^^^^^^^^
   |     |
   |     field in this variant
   |
   = note: `AccessFactsError` has a derived impl for the trait `Debug`, but this is intentionally ignored during dead code analysis
help: consider changing the field to be of unit type to suppress this warning while preserving the field numbering, or remove the field
   |
34 -     Database(sqlx::Error),
34 +     Database(()),
   |

warning: field `0` is never read
  --> apps/game-server/src/gameplay_transport/spell_access_facts.rs:36:11
   |
36 |     Facts(OwnedFactsError),
   |     ----- ^^^^^^^^^^^^^^^
   |     |
   |     field in this variant
   |
   = note: `AccessFactsError` has a derived impl for the trait `Debug`, but this is intentionally ignored during dead code analysis
help: consider changing the field to be of unit type to suppress this warning while preserving the field numbering, or remove the field
   |
36 -     Facts(OwnedFactsError),
36 +     Facts(()),
   |

warning: field `0` is never read
  --> apps/game-server/src/gameplay_transport/spell_access_facts.rs:37:17
   |
37 |     Unavailable(&'static str),
   |     ----------- ^^^^^^^^^^^^
   |     |
   |     field in this variant
   |
   = note: `AccessFactsError` has a derived impl for the trait `Debug`, but this is intentionally ignored during dead code analysis
help: consider changing the field to be of unit type to suppress this warning while preserving the field numbering, or remove the field
   |
37 -     Unavailable(&'static str),
37 +     Unavailable(()),
   |

warning: variant `Durability` is never constructed
  --> apps/game-server/src/gameplay_transport/spell_access_facts.rs:35:5
   |
32 | pub(crate) enum AccessFactsError {
   |                 ---------------- variant in this enum
...
35 |     Durability(DurabilityError),
   |     ^^^^^^^^^^
   |
   = note: `AccessFactsError` has a derived impl for the trait `Debug`, but this is intentionally ignored during dead code analysis

warning: field `0` is never read
  --> apps/game-server/src/gameplay_transport/spell_entitlements.rs:16:12
   |
16 |     Source(SourceError),
   |     ------ ^^^^^^^^^^^
   |     |
   |     field in this variant
   |
   = note: `Error` has a derived impl for the trait `Debug`, but this is intentionally ignored during dead code analysis
help: consider changing the field to be of unit type to suppress this warning while preserving the field numbering, or remove the field
   |
16 -     Source(SourceError),
16 +     Source(()),
   |

warning: field `0` is never read
  --> apps/game-server/src/gameplay_transport/spell_entitlements.rs:21:16
   |
21 |     Durability(crate::durability::DurabilityError),
   |     ---------- ^^^^^^^^^^^^^^^^^^^^^^^^^^^^^^^^^^
   |     |
   |     field in this variant
   |
   = note: `Error` has a derived impl for the trait `Debug`, but this is intentionally ignored during dead code analysis
help: consider changing the field to be of unit type to suppress this warning while preserving the field numbering, or remove the field
   |
21 -     Durability(crate::durability::DurabilityError),
21 +     Durability(()),
   |

warning: associated function `new` is never used
  --> apps/game-server/src/gameplay_transport/spell_entitlements.rs:79:19
   |
78 | impl PremiumSource {
   | ------------------ associated function in this implementation
79 |     pub(crate) fn new(
   |                   ^^^

warning: method `classification` is never used
   --> apps/game-server/src/gameplay_transport/spell_entitlements.rs:201:19
    |
159 | impl PremiumAccessOwner {
    | ----------------------- method in this implementation
...
201 |     pub(crate) fn classification(&self) -> Classification {
    |                   ^^^^^^^^^^^^^^

warning: variant `Source` is never constructed
  --> apps/game-server/src/gameplay_transport/spell_presentation_publisher.rs:45:5
   |
40 | pub(crate) enum Error {
   |                 ----- variant in this enum
...
45 |     Source,
   |     ^^^^^^
   |
   = note: `Error` has derived impls for the traits `Clone` and `Debug`, but these are intentionally ignored during dead code analysis

warning: field `condition_revision` is never read
   --> apps/game-server/src/gameplay_transport/spell_presentation_publisher.rs:256:5
    |
250 | pub(crate) struct CandidateSessionPublisher {
    |                   ------------------------- field in this struct
...
256 |     condition_revision: u64,
    |     ^^^^^^^^^^^^^^^^^^
    |
    = note: `CandidateSessionPublisher` has a derived impl for the trait `Debug`, but this is intentionally ignored during dead code analysis

warning: methods `snapshot_begin`, `snapshot_commit`, `publish_current_conditions`, and `pop_current_condition_transport` are never used
   --> apps/game-server/src/gameplay_transport/spell_presentation_publisher.rs:270:19
    |
263 | impl CandidateSessionPublisher {
    | ------------------------------ methods in this implementation
...
270 |     pub(crate) fn snapshot_begin(
    |                   ^^^^^^^^^^^^^^
...
283 |     pub(crate) fn snapshot_commit(&mut self, id: u64) -> Result<(), Error> {
    |                   ^^^^^^^^^^^^^^^
...
303 |     pub(crate) async fn publish_current_conditions(
    |                         ^^^^^^^^^^^^^^^^^^^^^^^^^^
...
387 |     pub(crate) async fn pop_current_condition_transport(
    |                         ^^^^^^^^^^^^^^^^^^^^^^^^^^^^^^^

warning: struct `CooldownRead` is never constructed
  --> apps/game-server/src/gameplay_transport/spell_presentation_cooldowns.rs:11:19
   |
11 | pub(crate) struct CooldownRead<'a> {
   |                   ^^^^^^^^^^^^

warning: fields `binding` and `published` are never read
  --> apps/game-server/src/gameplay_transport/spell_presentation_cooldowns.rs:19:5
   |
18 | pub(crate) struct CandidateCooldownPublisher {
   |                   -------------------------- fields in this struct
19 |     binding: Option<(ScopeContext, GameSessionId, u64)>,
   |     ^^^^^^^
20 |     published: BTreeMap<Key, u64>,
   |     ^^^^^^^^^
   |
   = note: `CandidateCooldownPublisher` has a derived impl for the trait `Debug`, but this is intentionally ignored during dead code analysis

warning: function `map_owned` is never used
  --> apps/game-server/src/gameplay_transport/spell_presentation_cooldowns.rs:26:4
   |
26 | fn map_owned(
   |    ^^^^^^^^^

warning: methods `bind`, `snapshot_current`, `delta_current`, `record_after_probe_sent_current`, and `observe_ack_current` are never used
   --> apps/game-server/src/gameplay_transport/spell_presentation_cooldowns.rs:83:8
    |
 82 | impl CandidateCooldownPublisher {
    | ------------------------------- methods in this implementation
 83 |     fn bind(&mut self, observer: &Observer) {
    |        ^^^^
...
121 |     pub(crate) async fn snapshot_current(
    |                         ^^^^^^^^^^^^^^^^
...
146 |     pub(crate) async fn delta_current(
    |                         ^^^^^^^^^^^^^
...
187 |     pub(crate) async fn record_after_probe_sent_current(
    |                         ^^^^^^^^^^^^^^^^^^^^^^^^^^^^^^^
...
216 |     pub(crate) async fn observe_ack_current(
    |                         ^^^^^^^^^^^^^^^^^^^

warning: function `rejected` is never used
   --> apps/game-server/src/gameplay_transport/spell_presentation_cooldowns.rs:260:4
    |
260 | fn rejected(_error: Error) -> SpellItemError {
    |    ^^^^^^^^

warning: variant `Codec` is never constructed
  --> apps/game-server/src/gameplay_transport/condition_snapshots.rs:24:5
   |
21 | pub(crate) enum Error {
   |                 ----- variant in this enum
...
24 |     Codec,
   |     ^^^^^
   |
   = note: `Error` has derived impls for the traits `Clone` and `Debug`, but these are intentionally ignored during dead code analysis

warning: fields `snapshot`, `bytes`, `state`, `position`, `facts`, and `equipment` are never read
  --> apps/game-server/src/gameplay_transport/condition_snapshots.rs:28:5
   |
27 | pub(crate) struct PreparedConditionSnapshot {
   |                   ------------------------- fields in this struct
28 |     snapshot: Snapshot,
   |     ^^^^^^^^
29 |     bytes: Vec<u8>,
   |     ^^^^^
30 |     state: PlayerSpellState,
   |     ^^^^^
31 |     position: MovementPositionSnapshot,
   |     ^^^^^^^^
32 |     facts: CastFactsBinding,
   |     ^^^^^
33 |     equipment: crate::durability::character_equipment::EquipmentSnapshot,
   |     ^^^^^^^^^
   |
   = note: `PreparedConditionSnapshot` has derived impls for the traits `Clone` and `Debug`, but these are intentionally ignored during dead code analysis

warning: methods `snapshot`, `bytes`, and `validate_current` are never used
  --> apps/game-server/src/gameplay_transport/condition_snapshots.rs:36:19
   |
35 | impl PreparedConditionSnapshot {
   | ------------------------------ methods in this implementation
36 |     pub(crate) fn snapshot(&self) -> &Snapshot {
   |                   ^^^^^^^^
...
39 |     pub(crate) fn bytes(&self) -> &[u8] {
   |                   ^^^^^
...
44 |     pub(crate) fn validate_current(
   |                   ^^^^^^^^^^^^^^^^

warning: function `prepare_current_player_in_transaction` is never used
   --> apps/game-server/src/gameplay_transport/condition_snapshots.rs:110:21
    |
110 | pub(crate) async fn prepare_current_player_in_transaction(
    |                     ^^^^^^^^^^^^^^^^^^^^^^^^^^^^^^^^^^^^^

warning: field `0` is never read
  --> apps/game-server/src/gameplay_transport/spell_parameter_cast.rs:18:10
   |
18 |     Wire(ActorSpellError),
   |     ---- ^^^^^^^^^^^^^^^
   |     |
   |     field in this variant
   |
   = note: `Error` has a derived impl for the trait `Debug`, but this is intentionally ignored during dead code analysis
help: consider changing the field to be of unit type to suppress this warning while preserving the field numbering, or remove the field
   |
18 -     Wire(ActorSpellError),
18 +     Wire(()),
   |

warning: variants `InvalidCurrentSpell`, `InvalidTarget`, and `FindPerson` are never constructed
  --> apps/game-server/src/gameplay_transport/spell_parameter_cast.rs:19:5
   |
16 | pub(crate) enum Error {
   |                 ----- variants in this enum
...
19 |     InvalidCurrentSpell,
   |     ^^^^^^^^^^^^^^^^^^^
20 |     InvalidTarget,
   |     ^^^^^^^^^^^^^
21 |     FindPerson(crate::spell::find_person_execution::Error),
   |     ^^^^^^^^^^
   |
   = note: `Error` has a derived impl for the trait `Debug`, but this is intentionally ignored during dead code analysis

warning: function `plan_find_person_parameter_in_transaction` is never used
  --> apps/game-server/src/gameplay_transport/spell_parameter_cast.rs:60:21
   |
60 | pub(crate) async fn plan_find_person_parameter_in_transaction(
   |                     ^^^^^^^^^^^^^^^^^^^^^^^^^^^^^^^^^^^^^^^^^

warning: struct `CueRequest` is never constructed
  --> apps/game-server/src/gameplay_transport/spell_presentations.rs:24:19
   |
24 | pub(crate) struct CueRequest {
   |                   ^^^^^^^^^^

warning: method `prepare` is never used
   --> apps/game-server/src/gameplay_transport/spell_presentations.rs:279:19
    |
216 | impl SpellPresentationOwner {
    | --------------------------- method in this implementation
...
279 |     pub(crate) fn prepare(
    |                   ^^^^^^^

warning: methods `count` and `root_revision` are never used
   --> apps/game-server/src/../tests/support/bestiary_postgres_harness.rs:221:25
    |
162 | impl Harness {
    | ------------ methods in this implementation
...
221 |     pub(crate) async fn count(&self, relation: &str) -> TestResult<i64> {
    |                         ^^^^^
...
229 |     pub(crate) async fn root_revision(&self) -> TestResult<String> {
    |                         ^^^^^^^^^^^^^

warning: function `context` is never used
   --> apps/game-server/src/../tests/support/bestiary_postgres_harness.rs:432:15
    |
432 | pub(crate) fn context() -> ProgressionRevisionContext<String> {
    |               ^^^^^^^

warning: function `read_chunked` is never used
   --> apps/game-server/src/native_admission_source/http1_mtls.rs:324:10
    |
324 | async fn read_chunked<S: AsyncRead + Unpin>(stream: &mut S) -> Result<Vec<u8>, SourceError> {
    |          ^^^^^^^^^^^^

warning: for loop over a `&Option`. This is more readably written as an `if let` statement
   --> apps/game-server/src/gameplay_transport/native_companion_item_cast.rs:384:24
    |
384 |         for binding in &p.cast_cue {
    |                        ^^^^^^^^^^^
    |
    = note: `#[warn(for_loops_over_fallibles)]` on by default
help: to check pattern in a loop use `while let`
    |
384 -         for binding in &p.cast_cue {
384 +         while let Some(binding) = &p.cast_cue {
    |
help: consider using `if let` to clear intent
    |
384 -         for binding in &p.cast_cue {
384 +         if let Some(binding) = &p.cast_cue {
    |

warning: for loop over a `&Option`. This is more readably written as an `if let` statement
   --> apps/game-server/src/gameplay_transport/native_companion_item_cast.rs:648:24
    |
648 |         for binding in &p.cast_cue {
    |                        ^^^^^^^^^^^
    |
help: to check pattern in a loop use `while let`
    |
648 -         for binding in &p.cast_cue {
648 +         while let Some(binding) = &p.cast_cue {
    |
help: consider using `if let` to clear intent
    |
648 -         for binding in &p.cast_cue {
648 +         if let Some(binding) = &p.cast_cue {
    |

warning: for loop over a `&Option`. This is more readably written as an `if let` statement
   --> apps/game-server/src/gameplay_transport/native_world_item_cast.rs:415:24
    |
415 |         for binding in &p.cast_cue {
    |                        ^^^^^^^^^^^
    |
help: to check pattern in a loop use `while let`
    |
415 -         for binding in &p.cast_cue {
415 +         while let Some(binding) = &p.cast_cue {
    |
help: consider using `if let` to clear intent
    |
415 -         for binding in &p.cast_cue {
415 +         if let Some(binding) = &p.cast_cue {
    |

warning: for loop over a `&Option`. This is more readably written as an `if let` statement
   --> apps/game-server/src/gameplay_transport/native_world_item_cast.rs:755:24
    |
755 |         for binding in &p.cast_cue {
    |                        ^^^^^^^^^^^
    |
help: to check pattern in a loop use `while let`
    |
755 -         for binding in &p.cast_cue {
755 +         while let Some(binding) = &p.cast_cue {
    |
help: consider using `if let` to clear intent
    |
755 -         for binding in &p.cast_cue {
755 +         if let Some(binding) = &p.cast_cue {
    |

warning: for loop over a `&Option`. This is more readably written as an `if let` statement
    --> apps/game-server/src/gameplay_transport/native_world_item_cast.rs:1026:24
     |
1026 |         for binding in &p.cast_cue {
     |                        ^^^^^^^^^^^
     |
help: to check pattern in a loop use `while let`
     |
1026 -         for binding in &p.cast_cue {
1026 +         while let Some(binding) = &p.cast_cue {
     |
help: consider using `if let` to clear intent
     |
1026 -         for binding in &p.cast_cue {
1026 +         if let Some(binding) = &p.cast_cue {
     |

warning: for loop over a `&Option`. This is more readably written as an `if let` statement
    --> apps/game-server/src/gameplay_transport/ordinary_combat.rs:1359:24
     |
1359 |         for binding in &p.cast_cue {
     |                        ^^^^^^^^^^^
     |
help: to check pattern in a loop use `while let`
     |
1359 -         for binding in &p.cast_cue {
1359 +         while let Some(binding) = &p.cast_cue {
     |
help: consider using `if let` to clear intent
     |
1359 -         for binding in &p.cast_cue {
1359 +         if let Some(binding) = &p.cast_cue {
     |

warning: for loop over a `&Option`. This is more readably written as an `if let` statement
    --> apps/game-server/src/gameplay_transport/ordinary_combat.rs:1365:24
     |
1365 |         for binding in &p.impact_cue {
     |                        ^^^^^^^^^^^^^
     |
help: to check pattern in a loop use `while let`
     |
1365 -         for binding in &p.impact_cue {
1365 +         while let Some(binding) = &p.impact_cue {
     |
help: consider using `if let` to clear intent
     |
1365 -         for binding in &p.impact_cue {
1365 +         if let Some(binding) = &p.impact_cue {
     |

warning: for loop over a `&Option`. This is more readably written as an `if let` statement
    --> apps/game-server/src/gameplay_transport/ordinary_combat.rs:1424:28
     |
1424 |             for binding in &p.caster_effect_asset_binding {
     |                            ^^^^^^^^^^^^^^^^^^^^^^^^^^^^^^
     |
help: to check pattern in a loop use `while let`
     |
1424 -             for binding in &p.caster_effect_asset_binding {
1424 +             while let Some(binding) = &p.caster_effect_asset_binding {
     |
help: consider using `if let` to clear intent
     |
1424 -             for binding in &p.caster_effect_asset_binding {
1424 +             if let Some(binding) = &p.caster_effect_asset_binding {
     |

warning: for loop over a `&Option`. This is more readably written as an `if let` statement
    --> apps/game-server/src/gameplay_transport/ordinary_combat.rs:1430:28
     |
1430 |             for binding in &p.impact_asset_binding {
     |                            ^^^^^^^^^^^^^^^^^^^^^^^
     |
help: to check pattern in a loop use `while let`
     |
1430 -             for binding in &p.impact_asset_binding {
1430 +             while let Some(binding) = &p.impact_asset_binding {
     |
help: consider using `if let` to clear intent
     |
1430 -             for binding in &p.impact_asset_binding {
1430 +             if let Some(binding) = &p.impact_asset_binding {
     |

warning: for loop over a `&Option`. This is more readably written as an `if let` statement
    --> apps/game-server/src/gameplay_transport/ordinary_combat.rs:1464:28
     |
1464 |             for binding in &p.projectile_asset_binding {
     |                            ^^^^^^^^^^^^^^^^^^^^^^^^^^^
     |
help: to check pattern in a loop use `while let`
     |
1464 -             for binding in &p.projectile_asset_binding {
1464 +             while let Some(binding) = &p.projectile_asset_binding {
     |
help: consider using `if let` to clear intent
     |
1464 -             for binding in &p.projectile_asset_binding {
1464 +             if let Some(binding) = &p.projectile_asset_binding {
     |

warning: `oteryn-game-server` (lib test) generated 110 warnings (run `cargo fix --lib -p oteryn-game-server --tests` to apply 7 suggestions)
    Finished `test` profile [unoptimized + debuginfo] target(s) in 0.14s
     Running unittests src/lib.rs (/workspace/Oteryn-Game/target/debug/deps/oteryn_game_server-ccaf41209ba80183)

running 1 test
SEAM_EVIDENCE pins postgres_server_version_num=170006 platform=5d4883acf7079e26fd51e03f460166730de1ada0
SEAM_EVIDENCE spell_content activation=durably_issued scoped_grant=content_activate readback=exact
SEAM_EVIDENCE spell_map_preflight pending_placements=57 qualified_placements=57 disposition=qualified runtime_initialized=false
SEAM_EVIDENCE owners=composed holder=assigned characters=2 source=platform_operator_intents
SEAM_EVIDENCE evidence=on_demand pre_seeded_age_seconds>5
SEAM_EVIDENCE spell_seam stage=initial_join
SEAM_EVIDENCE spell_first_entry stage=resolve_session
SEAM_EVIDENCE spell_first_entry stage=character_facts_loaded
SEAM_EVIDENCE spell_first_entry stage=equipment_initialize
SEAM_EVIDENCE spell_first_entry stage=wheel_initialize
SEAM_EVIDENCE spell_first_entry stage=familiar_initialize
SEAM_EVIDENCE spell_first_entry stage=position_initialized
SEAM_EVIDENCE spell_first_entry stage=runtime_facts_initialized
SEAM_EVIDENCE spell_first_entry outcome=Positioned
SEAM_EVIDENCE spell_seam stage=initial_join_complete
SEAM_EVIDENCE spell_seam stage=character_writers_complete
SEAM_EVIDENCE source_map_initialize stage=entered
SEAM_EVIDENCE source_map_initialize stage=owner_sql_begin
SEAM_EVIDENCE source_map_initialize stage=owner_sql_committed
SEAM_EVIDENCE source_map_initialize stage=entered
SEAM_EVIDENCE source_map_initialize stage=entered
SEAM_EVIDENCE source_map_initialize stage=entered
SEAM_EVIDENCE source_map_initialize stage=entered
SEAM_EVIDENCE source_map_initialize stage=entered
SEAM_EVIDENCE source_map_initialize stage=entered
SEAM_EVIDENCE source_map_initialize stage=entered
SEAM_EVIDENCE source_map_initialize stage=entered
SEAM_EVIDENCE source_map_initialize stage=entered
SEAM_EVIDENCE source_map_initialize stage=entered
SEAM_EVIDENCE source_map_initialize stage=entered
SEAM_EVIDENCE source_map_initialize stage=entered
SEAM_EVIDENCE source_map_initialize stage=entered
SEAM_EVIDENCE source_map_initialize stage=entered
SEAM_EVIDENCE source_map_initialize stage=entered
SEAM_EVIDENCE source_map_initialize stage=entered
SEAM_EVIDENCE source_map_initialize stage=entered
test gameplay_transport::qualification::server_seam_real_owners_over_tcp_tls has been running for over 60 seconds
SEAM_EVIDENCE source_map_initialize stage=entered
SEAM_EVIDENCE source_map_initialize stage=entered
SEAM_EVIDENCE source_map_initialize stage=entered
SEAM_EVIDENCE source_map_initialize stage=entered
SEAM_EVIDENCE source_map_initialize stage=entered
SEAM_EVIDENCE source_map_initialize stage=entered
SEAM_EVIDENCE source_map_initialize stage=entered
SEAM_EVIDENCE source_map_initialize stage=entered
SEAM_EVIDENCE source_map_initialize stage=entered
SEAM_EVIDENCE source_map_initialize stage=entered
SEAM_EVIDENCE source_map_initialize stage=entered
SEAM_EVIDENCE source_map_initialize stage=entered
SEAM_EVIDENCE source_map_initialize stage=entered
SEAM_EVIDENCE source_map_initialize stage=entered
SEAM_EVIDENCE source_map_initialize stage=entered
SEAM_EVIDENCE source_map_initialize stage=entered
SEAM_EVIDENCE source_map_initialize stage=entered
SEAM_EVIDENCE source_map_initialize stage=entered
SEAM_EVIDENCE source_map_initialize stage=entered
SEAM_EVIDENCE source_map_initialize stage=entered
SEAM_EVIDENCE source_map_initialize stage=entered
SEAM_EVIDENCE source_map_initialize stage=entered
SEAM_EVIDENCE source_map_initialize stage=entered
SEAM_EVIDENCE source_map_initialize stage=entered
SEAM_EVIDENCE source_map_initialize stage=entered
SEAM_EVIDENCE source_map_initialize stage=entered
SEAM_EVIDENCE source_map_initialize stage=entered
SEAM_EVIDENCE source_map_initialize stage=entered
SEAM_EVIDENCE source_map_initialize stage=entered
SEAM_EVIDENCE source_map_initialize stage=entered
SEAM_EVIDENCE source_map_initialize stage=entered
SEAM_EVIDENCE source_map_initialize stage=entered
SEAM_EVIDENCE source_map_initialize stage=entered
SEAM_EVIDENCE source_map_initialize stage=entered
SEAM_EVIDENCE source_map_initialize stage=entered
SEAM_EVIDENCE source_map_initialize stage=entered
SEAM_EVIDENCE source_map_initialize stage=entered
SEAM_EVIDENCE source_map_initialize stage=entered
SEAM_EVIDENCE source_map_initialize stage=entered
SEAM_EVIDENCE source_map_initialize stage=entered
SEAM_EVIDENCE source_map_initialize stage=entered
SEAM_EVIDENCE source_map_initialize stage=entered
SEAM_EVIDENCE source_map_initialize stage=entered
SEAM_EVIDENCE source_map_initialize stage=entered
SEAM_EVIDENCE source_map_initialize stage=entered
SEAM_EVIDENCE source_map_initialize stage=entered
SEAM_EVIDENCE source_map_initialize stage=entered
SEAM_EVIDENCE source_map_initialize stage=entered
SEAM_EVIDENCE source_map_initialize stage=entered
SEAM_EVIDENCE source_map_initialize stage=entered
SEAM_EVIDENCE source_map_initialize stage=entered
SEAM_EVIDENCE source_map_initialize stage=entered
SEAM_EVIDENCE source_map_initialize stage=entered
SEAM_EVIDENCE source_map_initialize stage=entered
SEAM_EVIDENCE source_map_initialize stage=entered
SEAM_EVIDENCE source_map_initialize stage=entered
SEAM_EVIDENCE source_map_initialize stage=entered
SEAM_EVIDENCE spell_seam stage=classed_reentry
SEAM_EVIDENCE spell_first_entry stage=resolve_session
SEAM_EVIDENCE spell_first_entry stage=character_facts_loaded
SEAM_EVIDENCE spell_first_entry stage=equipment_initialize
SEAM_EVIDENCE spell_first_entry stage=wheel_initialize
SEAM_EVIDENCE spell_first_entry stage=familiar_initialize
SEAM_EVIDENCE spell_first_entry stage=position_initialized
SEAM_EVIDENCE spell_first_entry stage=runtime_facts_initialized
SEAM_EVIDENCE source_map_initialize stage=entered
SEAM_EVIDENCE spell_first_entry outcome=Positioned
SEAM_EVIDENCE spell_seam stage=classed_reentry_complete health=185 max_health=185 mana=90 max_mana=90 soul=100
SEAM_EVIDENCE spell_seam stage=exura_command_send index=132
SEAM_EVIDENCE source_map_initialize stage=entered
spell magnitude baseline omitted=["base_critical_chance", "base_critical_extra", "fatal_chance", "armor_penetration", "elemental_pierce", "source_damage_multiplier", "source_healing_multiplier", "healing_dealt_multiplier", "armor_configuration", "combat_callbacks", "elemental_imbuement", "charms", "weapon_proficiency", "prey", "wheel_combat_mastery", "battle_healing", "blessing_of_the_grove", "healing_link", "shared_conservation", "virtue_party", "sustain_healing", "sanctuary_adjacent", "exposed_weakness", "ballistic_mastery", "target_absorb_reflect"]
SEAM_EVIDENCE source_self_prepare stage=tile_qualified
SEAM_EVIDENCE source_self_prepare stage=preview_training_qualified
spell magnitude baseline omitted=["base_critical_chance", "base_critical_extra", "fatal_chance", "armor_penetration", "elemental_pierce", "source_damage_multiplier", "source_healing_multiplier", "healing_dealt_multiplier", "armor_configuration", "combat_callbacks", "elemental_imbuement", "charms", "weapon_proficiency", "prey", "wheel_combat_mastery", "battle_healing", "blessing_of_the_grove", "healing_link", "shared_conservation", "virtue_party", "sustain_healing", "sanctuary_adjacent", "exposed_weakness", "ballistic_mastery", "target_absorb_reflect"]
SEAM_EVIDENCE source_map_initialize stage=entered
SEAM_EVIDENCE spell_seam stage=exura_command_result disposition=Cast
SEAM_EVIDENCE source_map_initialize stage=entered
spell magnitude baseline omitted=["base_critical_chance", "base_critical_extra", "fatal_chance", "armor_penetration", "elemental_pierce", "source_damage_multiplier", "source_healing_multiplier", "healing_dealt_multiplier", "armor_configuration", "combat_callbacks", "elemental_imbuement", "charms", "weapon_proficiency", "prey", "wheel_combat_mastery", "battle_healing", "blessing_of_the_grove", "healing_link", "shared_conservation", "virtue_party", "sustain_healing", "sanctuary_adjacent", "exposed_weakness", "ballistic_mastery", "target_absorb_reflect"]
SEAM_EVIDENCE source_self_prepare stage=tile_qualified
SEAM_EVIDENCE native_combat_prepare result=CoolingDown ordinary=true
SEAM_EVIDENCE spell_seam definitions=246 caster=free_sorcerer_level8 setup=fenced_character_writers reentry=ordinary_grace exura=cast mana_before=90 mana_after=70 immediate_retry=cooling_down health_bounded=true wounded_heal_magnitude=not_evaluated
SEAM_EVIDENCE source_map_initialize stage=entered
SEAM_EVIDENCE source_map_initialize stage=entered
SEAM_EVIDENCE source_map_initialize stage=entered
SEAM_EVIDENCE source_map_initialize stage=entered
SEAM_EVIDENCE source_map_initialize stage=entered
SEAM_EVIDENCE source_map_initialize stage=entered
SEAM_EVIDENCE source_map_initialize stage=entered
SEAM_EVIDENCE source_map_initialize stage=entered
SEAM_EVIDENCE source_map_initialize stage=entered
SEAM_EVIDENCE source_map_initialize stage=entered
SEAM_EVIDENCE source_map_initialize stage=entered
SEAM_EVIDENCE source_map_initialize stage=entered
SEAM_EVIDENCE source_map_initialize stage=entered
SEAM_EVIDENCE source_map_initialize stage=entered
SEAM_EVIDENCE source_map_initialize stage=entered
SEAM_EVIDENCE source_map_initialize stage=entered
SEAM_EVIDENCE source_map_initialize stage=entered
SEAM_EVIDENCE source_map_initialize stage=entered
SEAM_EVIDENCE source_map_initialize stage=entered
SEAM_EVIDENCE source_map_initialize stage=entered
SEAM_EVIDENCE source_map_initialize stage=entered
SEAM_EVIDENCE source_map_initialize stage=entered
SEAM_EVIDENCE source_map_initialize stage=entered
SEAM_EVIDENCE source_map_initialize stage=entered
SEAM_EVIDENCE source_map_initialize stage=entered
SEAM_EVIDENCE source_map_initialize stage=entered
SEAM_EVIDENCE source_map_initialize stage=entered
SEAM_EVIDENCE source_map_initialize stage=entered
SEAM_EVIDENCE source_map_initialize stage=entered
SEAM_EVIDENCE source_map_initialize stage=entered
SEAM_EVIDENCE source_map_initialize stage=entered
SEAM_EVIDENCE source_map_initialize stage=entered
SEAM_EVIDENCE source_map_initialize stage=entered
SEAM_EVIDENCE source_map_initialize stage=entered
SEAM_EVIDENCE source_map_initialize stage=entered
SEAM_EVIDENCE source_map_initialize stage=entered
SEAM_EVIDENCE source_map_initialize stage=entered
SEAM_EVIDENCE source_map_initialize stage=entered
SEAM_EVIDENCE source_map_initialize stage=entered
SEAM_EVIDENCE source_map_initialize stage=entered
SEAM_EVIDENCE source_map_initialize stage=entered
SEAM_EVIDENCE source_map_initialize stage=entered
SEAM_EVIDENCE source_map_initialize stage=entered
SEAM_EVIDENCE source_map_initialize stage=entered
SEAM_EVIDENCE source_map_initialize stage=entered
SEAM_EVIDENCE source_map_initialize stage=entered
SEAM_EVIDENCE source_map_initialize stage=entered
SEAM_EVIDENCE source_map_initialize stage=entered
SEAM_EVIDENCE source_map_initialize stage=entered
SEAM_EVIDENCE source_map_initialize stage=entered
SEAM_EVIDENCE source_map_initialize stage=entered
SEAM_EVIDENCE source_map_initialize stage=entered
SEAM_EVIDENCE source_map_initialize stage=entered
SEAM_EVIDENCE source_map_initialize stage=entered
SEAM_EVIDENCE source_map_initialize stage=entered
SEAM_EVIDENCE source_map_initialize stage=entered
SEAM_EVIDENCE source_map_initialize stage=entered
SEAM_EVIDENCE source_map_initialize stage=entered
SEAM_EVIDENCE source_map_initialize stage=entered
SEAM_EVIDENCE source_map_initialize stage=entered
SEAM_EVIDENCE source_map_initialize stage=entered
SEAM_EVIDENCE source_map_initialize stage=entered
SEAM_EVIDENCE source_map_initialize stage=entered
SEAM_EVIDENCE source_map_initialize stage=entered
SEAM_EVIDENCE source_map_initialize stage=entered
SEAM_EVIDENCE source_map_initialize stage=entered
SEAM_EVIDENCE source_map_initialize stage=entered
SEAM_EVIDENCE source_map_initialize stage=entered
SEAM_EVIDENCE source_map_initialize stage=entered
SEAM_EVIDENCE source_map_initialize stage=entered
SEAM_EVIDENCE source_map_initialize stage=entered
SEAM_EVIDENCE source_map_initialize stage=entered
SEAM_EVIDENCE source_map_initialize stage=entered
SEAM_EVIDENCE source_map_initialize stage=entered
SEAM_EVIDENCE source_map_initialize stage=entered
SEAM_EVIDENCE spell_first_entry stage=resolve_session
SEAM_EVIDENCE spell_first_entry stage=character_facts_loaded
SEAM_EVIDENCE spell_first_entry stage=equipment_initialize
SEAM_EVIDENCE spell_first_entry stage=wheel_initialize
SEAM_EVIDENCE spell_first_entry stage=familiar_initialize
SEAM_EVIDENCE spell_first_entry stage=position_initialized
SEAM_EVIDENCE spell_first_entry stage=runtime_facts_initialized
SEAM_EVIDENCE spell_first_entry outcome=Positioned
SEAM_EVIDENCE spell_seam caster=free_sorcerer_level1000 setup=xp_writer reentry=ordinary_grace premium=false resources=normal_admission
SEAM_EVIDENCE source_map_initialize stage=entered
SEAM_EVIDENCE source_map_initialize stage=entered
SEAM_EVIDENCE source_map_initialize stage=entered
spell magnitude baseline omitted=["base_critical_chance", "base_critical_extra", "fatal_chance", "armor_penetration", "elemental_pierce", "source_damage_multiplier", "source_healing_multiplier", "healing_dealt_multiplier", "armor_configuration", "combat_callbacks", "elemental_imbuement", "charms", "weapon_proficiency", "prey", "wheel_combat_mastery", "battle_healing", "blessing_of_the_grove", "healing_link", "shared_conservation", "virtue_party", "sustain_healing", "sanctuary_adjacent", "exposed_weakness", "ballistic_mastery", "target_absorb_reflect"]
SEAM_EVIDENCE source_self_prepare stage=tile_qualified
SEAM_EVIDENCE source_self_prepare stage=preview_training_qualified
spell magnitude baseline omitted=["base_critical_chance", "base_critical_extra", "fatal_chance", "armor_penetration", "elemental_pierce", "source_damage_multiplier", "source_healing_multiplier", "healing_dealt_multiplier", "armor_configuration", "combat_callbacks", "elemental_imbuement", "charms", "weapon_proficiency", "prey", "wheel_combat_mastery", "battle_healing", "blessing_of_the_grove", "healing_link", "shared_conservation", "virtue_party", "sustain_healing", "sanctuary_adjacent", "exposed_weakness", "ballistic_mastery", "target_absorb_reflect"]
SEAM_EVIDENCE source_map_initialize stage=entered
SEAM_EVIDENCE spell_scenario words="exura" disposition=cast target=None mana_paid=20 condition_visibility=not_evaluated creature_damage_magnitude=not_evaluated
SEAM_EVIDENCE source_map_initialize stage=entered
SEAM_EVIDENCE source_map_initialize stage=entered
SEAM_EVIDENCE source_map_initialize stage=entered
SEAM_EVIDENCE source_map_initialize stage=entered
SEAM_EVIDENCE source_map_initialize stage=entered
spell magnitude baseline omitted=["base_critical_chance", "base_critical_extra", "fatal_chance", "armor_penetration", "elemental_pierce", "source_damage_multiplier", "source_healing_multiplier", "healing_dealt_multiplier", "armor_configuration", "combat_callbacks", "elemental_imbuement", "charms", "weapon_proficiency", "prey", "wheel_combat_mastery", "battle_healing", "blessing_of_the_grove", "healing_link", "shared_conservation", "virtue_party", "sustain_healing", "sanctuary_adjacent", "exposed_weakness", "ballistic_mastery", "target_absorb_reflect"]
SEAM_EVIDENCE source_self_prepare stage=tile_qualified
SEAM_EVIDENCE source_self_prepare stage=preview_training_qualified
spell magnitude baseline omitted=["base_critical_chance", "base_critical_extra", "fatal_chance", "armor_penetration", "elemental_pierce", "source_damage_multiplier", "source_healing_multiplier", "healing_dealt_multiplier", "armor_configuration", "combat_callbacks", "elemental_imbuement", "charms", "weapon_proficiency", "prey", "wheel_combat_mastery", "battle_healing", "blessing_of_the_grove", "healing_link", "shared_conservation", "virtue_party", "sustain_healing", "sanctuary_adjacent", "exposed_weakness", "ballistic_mastery", "target_absorb_reflect"]
SEAM_EVIDENCE source_map_initialize stage=entered
SEAM_EVIDENCE source_map_initialize stage=entered
SEAM_EVIDENCE spell_scenario words="utevo lux" disposition=cast target=None mana_paid=20 condition_visibility=not_evaluated creature_damage_magnitude=not_evaluated
SEAM_EVIDENCE source_map_initialize stage=entered
SEAM_EVIDENCE source_map_initialize stage=entered
SEAM_EVIDENCE source_map_initialize stage=entered
SEAM_EVIDENCE source_map_initialize stage=entered
SEAM_EVIDENCE source_map_initialize stage=entered
SEAM_EVIDENCE source_map_initialize stage=entered
SEAM_EVIDENCE source_map_initialize stage=entered
SEAM_EVIDENCE source_map_initialize stage=entered
SEAM_EVIDENCE source_map_initialize stage=entered
SEAM_EVIDENCE source_map_initialize stage=entered
SEAM_EVIDENCE source_map_initialize stage=entered
SEAM_EVIDENCE source_map_initialize stage=entered
SEAM_EVIDENCE source_map_initialize stage=entered
SEAM_EVIDENCE source_map_initialize stage=entered
SEAM_EVIDENCE source_map_initialize stage=entered
SEAM_EVIDENCE source_map_initialize stage=entered
SEAM_EVIDENCE source_map_initialize stage=entered
SEAM_EVIDENCE source_map_initialize stage=entered
SEAM_EVIDENCE source_map_initialize stage=entered
SEAM_EVIDENCE source_map_initialize stage=entered
SEAM_EVIDENCE source_map_initialize stage=entered
SEAM_EVIDENCE source_map_initialize stage=entered
SEAM_EVIDENCE source_map_initialize stage=entered
SEAM_EVIDENCE source_map_initialize stage=entered
SEAM_EVIDENCE source_map_initialize stage=entered
SEAM_EVIDENCE source_map_initialize stage=entered
SEAM_EVIDENCE source_map_initialize stage=entered
SEAM_EVIDENCE source_map_initialize stage=entered
spell magnitude baseline omitted=["base_critical_chance", "base_critical_extra", "fatal_chance", "armor_penetration", "elemental_pierce", "source_damage_multiplier", "source_healing_multiplier", "healing_dealt_multiplier", "armor_configuration", "combat_callbacks", "elemental_imbuement", "charms", "weapon_proficiency", "prey", "wheel_combat_mastery", "battle_healing", "blessing_of_the_grove", "healing_link", "shared_conservation", "virtue_party", "sustain_healing", "sanctuary_adjacent", "exposed_weakness", "ballistic_mastery", "target_absorb_reflect"]
spell magnitude baseline omitted=["base_critical_chance", "base_critical_extra", "fatal_chance", "armor_penetration", "elemental_pierce", "source_damage_multiplier", "source_healing_multiplier", "healing_dealt_multiplier", "armor_configuration", "combat_callbacks", "elemental_imbuement", "charms", "weapon_proficiency", "prey", "wheel_combat_mastery", "battle_healing", "blessing_of_the_grove", "healing_link", "shared_conservation", "virtue_party", "sustain_healing", "sanctuary_adjacent", "exposed_weakness", "ballistic_mastery", "target_absorb_reflect"]
SEAM_EVIDENCE source_map_initialize stage=entered
SEAM_EVIDENCE spell_scenario words="utamo vita" disposition=cast target=None mana_paid=50 condition_visibility=not_evaluated creature_damage_magnitude=not_evaluated
SEAM_EVIDENCE source_map_initialize stage=entered
SEAM_EVIDENCE source_map_initialize stage=entered
SEAM_EVIDENCE source_map_initialize stage=entered
SEAM_EVIDENCE source_map_initialize stage=entered
SEAM_EVIDENCE source_map_initialize stage=entered
spell magnitude baseline omitted=["base_critical_chance", "base_critical_extra", "fatal_chance", "armor_penetration", "elemental_pierce", "source_damage_multiplier", "source_healing_multiplier", "healing_dealt_multiplier", "armor_configuration", "combat_callbacks", "elemental_imbuement", "charms", "weapon_proficiency", "prey", "wheel_combat_mastery", "battle_healing", "blessing_of_the_grove", "healing_link", "shared_conservation", "virtue_party", "sustain_healing", "sanctuary_adjacent", "exposed_weakness", "ballistic_mastery", "target_absorb_reflect"]
SEAM_EVIDENCE source_self_prepare stage=tile_qualified
SEAM_EVIDENCE source_self_prepare stage=preview_training_qualified
spell magnitude baseline omitted=["base_critical_chance", "base_critical_extra", "fatal_chance", "armor_penetration", "elemental_pierce", "source_damage_multiplier", "source_healing_multiplier", "healing_dealt_multiplier", "armor_configuration", "combat_callbacks", "elemental_imbuement", "charms", "weapon_proficiency", "prey", "wheel_combat_mastery", "battle_healing", "blessing_of_the_grove", "healing_link", "shared_conservation", "virtue_party", "sustain_healing", "sanctuary_adjacent", "exposed_weakness", "ballistic_mastery", "target_absorb_reflect"]
SEAM_EVIDENCE source_map_initialize stage=entered
SEAM_EVIDENCE spell_scenario words="utana vid" disposition=cast target=None mana_paid=440 condition_visibility=not_evaluated creature_damage_magnitude=not_evaluated
SEAM_EVIDENCE source_map_initialize stage=entered
SEAM_EVIDENCE source_map_initialize stage=entered
SEAM_EVIDENCE source_map_initialize stage=entered
SEAM_EVIDENCE source_map_initialize stage=entered
SEAM_EVIDENCE source_map_initialize stage=entered
spell magnitude baseline omitted=["base_critical_chance", "base_critical_extra", "fatal_chance", "armor_penetration", "elemental_pierce", "source_damage_multiplier", "source_healing_multiplier", "healing_dealt_multiplier", "armor_configuration", "combat_callbacks", "elemental_imbuement", "charms", "weapon_proficiency", "prey", "wheel_combat_mastery", "battle_healing", "blessing_of_the_grove", "healing_link", "shared_conservation", "virtue_party", "sustain_healing", "sanctuary_adjacent", "exposed_weakness", "ballistic_mastery", "target_absorb_reflect"]
SEAM_EVIDENCE source_self_prepare stage=tile_qualified
SEAM_EVIDENCE source_self_prepare stage=preview_training_qualified
spell magnitude baseline omitted=["base_critical_chance", "base_critical_extra", "fatal_chance", "armor_penetration", "elemental_pierce", "source_damage_multiplier", "source_healing_multiplier", "healing_dealt_multiplier", "armor_configuration", "combat_callbacks", "elemental_imbuement", "charms", "weapon_proficiency", "prey", "wheel_combat_mastery", "battle_healing", "blessing_of_the_grove", "healing_link", "shared_conservation", "virtue_party", "sustain_healing", "sanctuary_adjacent", "exposed_weakness", "ballistic_mastery", "target_absorb_reflect"]
SEAM_EVIDENCE source_map_initialize stage=entered
SEAM_EVIDENCE source_map_initialize stage=entered
SEAM_EVIDENCE spell_scenario words="utana vid" disposition=cast target=None mana_paid=440 condition_visibility=not_evaluated creature_damage_magnitude=not_evaluated
SEAM_EVIDENCE source_map_initialize stage=entered
SEAM_EVIDENCE source_map_initialize stage=entered
SEAM_EVIDENCE source_map_initialize stage=entered
SEAM_EVIDENCE source_map_initialize stage=entered
SEAM_EVIDENCE source_map_initialize stage=entered
spell magnitude baseline omitted=["base_critical_chance", "base_critical_extra", "fatal_chance", "armor_penetration", "elemental_pierce", "source_damage_multiplier", "source_healing_multiplier", "healing_dealt_multiplier", "armor_configuration", "combat_callbacks", "elemental_imbuement", "charms", "weapon_proficiency", "prey", "wheel_combat_mastery", "battle_healing", "blessing_of_the_grove", "healing_link", "shared_conservation", "virtue_party", "sustain_healing", "sanctuary_adjacent", "exposed_weakness", "ballistic_mastery", "target_absorb_reflect"]
SEAM_EVIDENCE source_self_prepare stage=tile_qualified
SEAM_EVIDENCE source_self_prepare stage=preview_training_qualified
spell magnitude baseline omitted=["base_critical_chance", "base_critical_extra", "fatal_chance", "armor_penetration", "elemental_pierce", "source_damage_multiplier", "source_healing_multiplier", "healing_dealt_multiplier", "armor_configuration", "combat_callbacks", "elemental_imbuement", "charms", "weapon_proficiency", "prey", "wheel_combat_mastery", "battle_healing", "blessing_of_the_grove", "healing_link", "shared_conservation", "virtue_party", "sustain_healing", "sanctuary_adjacent", "exposed_weakness", "ballistic_mastery", "target_absorb_reflect"]
SEAM_EVIDENCE source_map_initialize stage=entered
SEAM_EVIDENCE spell_scenario words="utana vid" disposition=cast target=None mana_paid=440 condition_visibility=not_evaluated creature_damage_magnitude=not_evaluated
SEAM_EVIDENCE source_map_initialize stage=entered
SEAM_EVIDENCE source_map_initialize stage=entered
SEAM_EVIDENCE source_map_initialize stage=entered
SEAM_EVIDENCE source_map_initialize stage=entered
SEAM_EVIDENCE source_map_initialize stage=entered
spell magnitude baseline omitted=["base_critical_chance", "base_critical_extra", "fatal_chance", "armor_penetration", "elemental_pierce", "source_damage_multiplier", "source_healing_multiplier", "healing_dealt_multiplier", "armor_configuration", "combat_callbacks", "elemental_imbuement", "charms", "weapon_proficiency", "prey", "wheel_combat_mastery", "battle_healing", "blessing_of_the_grove", "healing_link", "shared_conservation", "virtue_party", "sustain_healing", "sanctuary_adjacent", "exposed_weakness", "ballistic_mastery", "target_absorb_reflect"]
SEAM_EVIDENCE source_self_prepare stage=tile_qualified
SEAM_EVIDENCE source_self_prepare stage=preview_training_qualified
spell magnitude baseline omitted=["base_critical_chance", "base_critical_extra", "fatal_chance", "armor_penetration", "elemental_pierce", "source_damage_multiplier", "source_healing_multiplier", "healing_dealt_multiplier", "armor_configuration", "combat_callbacks", "elemental_imbuement", "charms", "weapon_proficiency", "prey", "wheel_combat_mastery", "battle_healing", "blessing_of_the_grove", "healing_link", "shared_conservation", "virtue_party", "sustain_healing", "sanctuary_adjacent", "exposed_weakness", "ballistic_mastery", "target_absorb_reflect"]
SEAM_EVIDENCE source_map_initialize stage=entered
SEAM_EVIDENCE spell_scenario words="utana vid" disposition=cast target=None mana_paid=440 condition_visibility=not_evaluated creature_damage_magnitude=not_evaluated
SEAM_EVIDENCE source_map_initialize stage=entered
SEAM_EVIDENCE source_map_initialize stage=entered
SEAM_EVIDENCE source_map_initialize stage=entered
SEAM_EVIDENCE source_map_initialize stage=entered
SEAM_EVIDENCE source_map_initialize stage=entered
SEAM_EVIDENCE source_map_initialize stage=entered
SEAM_EVIDENCE source_map_initialize stage=entered
SEAM_EVIDENCE source_map_initialize stage=entered
SEAM_EVIDENCE source_map_initialize stage=entered
SEAM_EVIDENCE source_map_initialize stage=entered
SEAM_EVIDENCE source_map_initialize stage=entered
SEAM_EVIDENCE spell_seam facing_owner=normal_movement path=temple_east_return
SEAM_EVIDENCE source_map_initialize stage=entered
spell magnitude baseline omitted=["base_critical_chance", "base_critical_extra", "fatal_chance", "armor_penetration", "elemental_pierce", "source_damage_multiplier", "source_healing_multiplier", "healing_dealt_multiplier", "armor_configuration", "combat_callbacks", "elemental_imbuement", "charms", "weapon_proficiency", "prey", "wheel_combat_mastery", "battle_healing", "blessing_of_the_grove", "healing_link", "shared_conservation", "virtue_party", "sustain_healing", "sanctuary_adjacent", "exposed_weakness", "ballistic_mastery", "target_absorb_reflect"]
SEAM_EVIDENCE ordinary_combat_prepare stage=bindings
SEAM_EVIDENCE ordinary_combat_prepare stage=caster_qualified
SEAM_EVIDENCE ordinary_combat_prepare stage=tile_reads
SEAM_EVIDENCE ordinary_combat_prepare stage=tiles_qualified
SEAM_EVIDENCE ordinary_combat_preview operational_target=false position_target=true direction=true protection=true needs_target=false target_or_direction=true
SEAM_EVIDENCE ordinary_combat_preview caster_state pending_training=false level=1000 owned_magic=Ok(1) qualified_level=1000 qualified_magic=1 vocation_matches=true
SEAM_EVIDENCE ordinary_combat_prepare stage=paid_preview_refused reason=Rejected
SEAM_EVIDENCE native_combat_prepare result=Rejected ordinary=true
SEAM_EVIDENCE spell_scenario words=exori_vis temple_protection=refused mana=unchanged
SEAM_EVIDENCE source_map_initialize stage=entered
SEAM_EVIDENCE source_map_initialize stage=entered
SEAM_EVIDENCE source_map_initialize stage=entered
SEAM_EVIDENCE spell_seam source_step=south observed=(0,1,-5)
SEAM_EVIDENCE source_map_initialize stage=entered
SEAM_EVIDENCE source_map_initialize stage=entered
SEAM_EVIDENCE source_map_initialize stage=entered
SEAM_EVIDENCE spell_seam source_step=south observed=(0,2,-5)
SEAM_EVIDENCE source_map_initialize stage=entered
SEAM_EVIDENCE source_map_initialize stage=entered
SEAM_EVIDENCE source_map_initialize stage=entered
SEAM_EVIDENCE spell_seam source_step=south observed=(0,3,-5)
SEAM_EVIDENCE source_map_initialize stage=entered
SEAM_EVIDENCE source_map_initialize stage=entered
SEAM_EVIDENCE source_map_initialize stage=entered
SEAM_EVIDENCE spell_seam source_step=south observed=(0,4,-5)
SEAM_EVIDENCE source_map_initialize stage=entered
SEAM_EVIDENCE source_map_initialize stage=entered
SEAM_EVIDENCE source_map_initialize stage=entered
SEAM_EVIDENCE spell_seam source_step=south observed=(0,6,-6)
SEAM_EVIDENCE source_map_initialize stage=entered
SEAM_EVIDENCE source_map_initialize stage=entered
SEAM_EVIDENCE source_map_initialize stage=entered
SEAM_EVIDENCE spell_seam source_step=south observed=(0,7,-6)
SEAM_EVIDENCE source_map_initialize stage=entered
SEAM_EVIDENCE source_map_initialize stage=entered
SEAM_EVIDENCE source_map_initialize stage=entered
SEAM_EVIDENCE spell_seam source_step=south observed=(0,8,-6)
SEAM_EVIDENCE source_map_initialize stage=entered
SEAM_EVIDENCE source_map_initialize stage=entered
SEAM_EVIDENCE source_map_initialize stage=entered
SEAM_EVIDENCE source_map_initialize stage=entered
SEAM_EVIDENCE spell_seam source_step=south observed=(0,9,-6)
SEAM_EVIDENCE source_map_initialize stage=entered
SEAM_EVIDENCE source_map_initialize stage=entered
SEAM_EVIDENCE source_map_initialize stage=entered
SEAM_EVIDENCE spell_seam source_step=south observed=(0,11,-7)
SEAM_EVIDENCE spell_seam aggressive_caster_tile=(0,11,-7) target_tile=(1,11,-7) protection=false proof=pinned_thalom_source normal_movement=true
SEAM_EVIDENCE source_map_initialize stage=entered
spell magnitude baseline omitted=["base_critical_chance", "base_critical_extra", "fatal_chance", "armor_penetration", "elemental_pierce", "source_damage_multiplier", "source_healing_multiplier", "healing_dealt_multiplier", "armor_configuration", "combat_callbacks", "elemental_imbuement", "charms", "weapon_proficiency", "prey", "wheel_combat_mastery", "battle_healing", "blessing_of_the_grove", "healing_link", "shared_conservation", "virtue_party", "sustain_healing", "sanctuary_adjacent", "exposed_weakness", "ballistic_mastery", "target_absorb_reflect"]
SEAM_EVIDENCE ordinary_combat_prepare stage=bindings
SEAM_EVIDENCE ordinary_combat_prepare stage=caster_qualified
SEAM_EVIDENCE ordinary_combat_prepare stage=tile_reads
SEAM_EVIDENCE ordinary_combat_prepare stage=tiles_qualified
SEAM_EVIDENCE ordinary_combat_preview operational_target=false position_target=true direction=true protection=false needs_target=false target_or_direction=true
SEAM_EVIDENCE ordinary_combat_preview caster_state pending_training=false level=1000 owned_magic=Ok(1) qualified_level=1000 qualified_magic=1 vocation_matches=true
SEAM_EVIDENCE ordinary_combat_prepare stage=paid_preview_qualified
SEAM_EVIDENCE ordinary_combat_lower stage=applications_qualified applications=0 geometry=1
SEAM_EVIDENCE ordinary_combat_lower stage=presentation_prepare cues=3 applications=0 magnitude_hits=0
SEAM_EVIDENCE ordinary_combat_prepare stage=lower_preview_qualified
SEAM_EVIDENCE ordinary_combat_lower stage=applications_qualified applications=0 geometry=1
SEAM_EVIDENCE ordinary_combat_lower stage=presentation_prepare cues=3 applications=0 magnitude_hits=0
SEAM_EVIDENCE source_map_initialize stage=entered
spell magnitude baseline omitted=["base_critical_chance", "base_critical_extra", "fatal_chance", "armor_penetration", "elemental_pierce", "source_damage_multiplier", "source_healing_multiplier", "healing_dealt_multiplier", "armor_configuration", "combat_callbacks", "elemental_imbuement", "charms", "weapon_proficiency", "prey", "wheel_combat_mastery", "battle_healing", "blessing_of_the_grove", "healing_link", "shared_conservation", "virtue_party", "sustain_healing", "sanctuary_adjacent", "exposed_weakness", "ballistic_mastery", "target_absorb_reflect"]
SEAM_EVIDENCE source_map_initialize stage=entered
SEAM_EVIDENCE spell_scenario words="exori vis" disposition=cast target=Position(SpellTargetPosition { x: 1, y: 11, floor: -7 }) mana_paid=20 condition_visibility=not_evaluated creature_damage_magnitude=not_evaluated
SEAM_EVIDENCE spell_seam training_stress observed_mana_paid=1870 checkpoint_threshold=1600
SEAM_EVIDENCE source_map_initialize stage=entered
spell magnitude baseline omitted=["base_critical_chance", "base_critical_extra", "fatal_chance", "armor_penetration", "elemental_pierce", "source_damage_multiplier", "source_healing_multiplier", "healing_dealt_multiplier", "armor_configuration", "combat_callbacks", "elemental_imbuement", "charms", "weapon_proficiency", "prey", "wheel_combat_mastery", "battle_healing", "blessing_of_the_grove", "healing_link", "shared_conservation", "virtue_party", "sustain_healing", "sanctuary_adjacent", "exposed_weakness", "ballistic_mastery", "target_absorb_reflect"]
SEAM_EVIDENCE spell_probe index=1 key=candidate:spell/animate_dead_rune selected=true caster=free_sorcerer_level1000 target=none disposition=NotAvailable vitals_delta=false scope=untargeted_catalog_probe gameplay_complete=false
SEAM_EVIDENCE source_map_initialize stage=entered
spell magnitude baseline omitted=["base_critical_chance", "base_critical_extra", "fatal_chance", "armor_penetration", "elemental_pierce", "source_damage_multiplier", "source_healing_multiplier", "healing_dealt_multiplier", "armor_configuration", "combat_callbacks", "elemental_imbuement", "charms", "weapon_proficiency", "prey", "wheel_combat_mastery", "battle_healing", "blessing_of_the_grove", "healing_link", "shared_conservation", "virtue_party", "sustain_healing", "sanctuary_adjacent", "exposed_weakness", "ballistic_mastery", "target_absorb_reflect"]
SEAM_EVIDENCE ordinary_combat_prepare stage=bindings
SEAM_EVIDENCE native_combat_prepare result=Rejected ordinary=true
SEAM_EVIDENCE spell_probe index=2 key=candidate:spell/annihilation selected=true caster=free_sorcerer_level1000 target=none disposition=Rejected vitals_delta=false scope=untargeted_catalog_probe gameplay_complete=false
SEAM_EVIDENCE source_map_initialize stage=entered
spell magnitude baseline omitted=["base_critical_chance", "base_critical_extra", "fatal_chance", "armor_penetration", "elemental_pierce", "source_damage_multiplier", "source_healing_multiplier", "healing_dealt_multiplier", "armor_configuration", "combat_callbacks", "elemental_imbuement", "charms", "weapon_proficiency", "prey", "wheel_combat_mastery", "battle_healing", "blessing_of_the_grove", "healing_link", "shared_conservation", "virtue_party", "sustain_healing", "sanctuary_adjacent", "exposed_weakness", "ballistic_mastery", "target_absorb_reflect"]
SEAM_EVIDENCE ordinary_combat_prepare stage=bindings
SEAM_EVIDENCE ordinary_combat_prepare stage=caster_qualified
SEAM_EVIDENCE ordinary_combat_prepare stage=tile_reads
SEAM_EVIDENCE ordinary_combat_prepare stage=tiles_qualified
SEAM_EVIDENCE ordinary_combat_preview operational_target=false position_target=false direction=true protection=false needs_target=false target_or_direction=true
SEAM_EVIDENCE ordinary_combat_preview caster_state pending_training=false level=1000 owned_magic=Ok(1) qualified_level=1000 qualified_magic=1 vocation_matches=true
SEAM_EVIDENCE ordinary_combat_prepare stage=paid_preview_refused reason=CoolingDown
SEAM_EVIDENCE native_combat_prepare result=CoolingDown ordinary=true
SEAM_EVIDENCE spell_probe index=3 key=candidate:spell/apprentice_s_strike selected=true caster=free_sorcerer_level1000 target=none disposition=CoolingDown vitals_delta=false scope=untargeted_catalog_probe gameplay_complete=false
SEAM_EVIDENCE source_map_initialize stage=entered
spell magnitude baseline omitted=["base_critical_chance", "base_critical_extra", "fatal_chance", "armor_penetration", "elemental_pierce", "source_damage_multiplier", "source_healing_multiplier", "healing_dealt_multiplier", "armor_configuration", "combat_callbacks", "elemental_imbuement", "charms", "weapon_proficiency", "prey", "wheel_combat_mastery", "battle_healing", "blessing_of_the_grove", "healing_link", "shared_conservation", "virtue_party", "sustain_healing", "sanctuary_adjacent", "exposed_weakness", "ballistic_mastery", "target_absorb_reflect"]
SEAM_EVIDENCE spell_probe index=4 key=candidate:spell/arrow_call selected=true caster=free_sorcerer_level1000 target=none disposition=NotAvailable vitals_delta=false scope=untargeted_catalog_probe gameplay_complete=false
SEAM_EVIDENCE source_map_initialize stage=entered
spell magnitude baseline omitted=["base_critical_chance", "base_critical_extra", "fatal_chance", "armor_penetration", "elemental_pierce", "source_damage_multiplier", "source_healing_multiplier", "healing_dealt_multiplier", "armor_configuration", "combat_callbacks", "elemental_imbuement", "charms", "weapon_proficiency", "prey", "wheel_combat_mastery", "battle_healing", "blessing_of_the_grove", "healing_link", "shared_conservation", "virtue_party", "sustain_healing", "sanctuary_adjacent", "exposed_weakness", "ballistic_mastery", "target_absorb_reflect"]
SEAM_EVIDENCE native_combat_prepare result=Rejected ordinary=true
SEAM_EVIDENCE spell_probe index=5 key=candidate:spell/aura_of_exposed_weakness selected=true caster=free_sorcerer_level1000 target=none disposition=Rejected vitals_delta=false scope=untargeted_catalog_probe gameplay_complete=false
SEAM_EVIDENCE source_map_initialize stage=entered
spell magnitude baseline omitted=["base_critical_chance", "base_critical_extra", "fatal_chance", "armor_penetration", "elemental_pierce", "source_damage_multiplier", "source_healing_multiplier", "healing_dealt_multiplier", "armor_configuration", "combat_callbacks", "elemental_imbuement", "charms", "weapon_proficiency", "prey", "wheel_combat_mastery", "battle_healing", "blessing_of_the_grove", "healing_link", "shared_conservation", "virtue_party", "sustain_healing", "sanctuary_adjacent", "exposed_weakness", "ballistic_mastery", "target_absorb_reflect"]
SEAM_EVIDENCE native_combat_prepare result=Rejected ordinary=true
SEAM_EVIDENCE spell_probe index=6 key=candidate:spell/aura_of_sapped_strength selected=true caster=free_sorcerer_level1000 target=none disposition=Rejected vitals_delta=false scope=untargeted_catalog_probe gameplay_complete=false
SEAM_EVIDENCE source_map_initialize stage=entered
spell magnitude baseline omitted=["base_critical_chance", "base_critical_extra", "fatal_chance", "armor_penetration", "elemental_pierce", "source_damage_multiplier", "source_healing_multiplier", "healing_dealt_multiplier", "armor_configuration", "combat_callbacks", "elemental_imbuement", "charms", "weapon_proficiency", "prey", "wheel_combat_mastery", "battle_healing", "blessing_of_the_grove", "healing_link", "shared_conservation", "virtue_party", "sustain_healing", "sanctuary_adjacent", "exposed_weakness", "ballistic_mastery", "target_absorb_reflect"]
SEAM_EVIDENCE spell_probe index=7 key=candidate:spell/avalanche_rune selected=true caster=free_sorcerer_level1000 target=none disposition=NotAvailable vitals_delta=false scope=untargeted_catalog_probe gameplay_complete=false
SEAM_EVIDENCE source_map_initialize stage=entered
spell magnitude baseline omitted=["base_critical_chance", "base_critical_extra", "fatal_chance", "armor_penetration", "elemental_pierce", "source_damage_multiplier", "source_healing_multiplier", "healing_dealt_multiplier", "armor_configuration", "combat_callbacks", "elemental_imbuement", "charms", "weapon_proficiency", "prey", "wheel_combat_mastery", "battle_healing", "blessing_of_the_grove", "healing_link", "shared_conservation", "virtue_party", "sustain_healing", "sanctuary_adjacent", "exposed_weakness", "ballistic_mastery", "target_absorb_reflect"]
SEAM_EVIDENCE native_combat_prepare result=Rejected ordinary=false
SEAM_EVIDENCE source_map_initialize stage=entered
SEAM_EVIDENCE spell_probe index=8 key=candidate:spell/avatar_of_balance selected=true caster=free_sorcerer_level1000 target=none disposition=Rejected vitals_delta=false scope=untargeted_catalog_probe gameplay_complete=false
SEAM_EVIDENCE source_map_initialize stage=entered
spell magnitude baseline omitted=["base_critical_chance", "base_critical_extra", "fatal_chance", "armor_penetration", "elemental_pierce", "source_damage_multiplier", "source_healing_multiplier", "healing_dealt_multiplier", "armor_configuration", "combat_callbacks", "elemental_imbuement", "charms", "weapon_proficiency", "prey", "wheel_combat_mastery", "battle_healing", "blessing_of_the_grove", "healing_link", "shared_conservation", "virtue_party", "sustain_healing", "sanctuary_adjacent", "exposed_weakness", "ballistic_mastery", "target_absorb_reflect"]
SEAM_EVIDENCE native_combat_prepare result=Rejected ordinary=false
SEAM_EVIDENCE spell_probe index=9 key=candidate:spell/avatar_of_light selected=true caster=free_sorcerer_level1000 target=none disposition=Rejected vitals_delta=false scope=untargeted_catalog_probe gameplay_complete=false
SEAM_EVIDENCE source_map_initialize stage=entered
spell magnitude baseline omitted=["base_critical_chance", "base_critical_extra", "fatal_chance", "armor_penetration", "elemental_pierce", "source_damage_multiplier", "source_healing_multiplier", "healing_dealt_multiplier", "armor_configuration", "combat_callbacks", "elemental_imbuement", "charms", "weapon_proficiency", "prey", "wheel_combat_mastery", "battle_healing", "blessing_of_the_grove", "healing_link", "shared_conservation", "virtue_party", "sustain_healing", "sanctuary_adjacent", "exposed_weakness", "ballistic_mastery", "target_absorb_reflect"]
SEAM_EVIDENCE native_combat_prepare result=Rejected ordinary=false
SEAM_EVIDENCE source_map_initialize stage=entered
SEAM_EVIDENCE spell_probe index=10 key=candidate:spell/avatar_of_nature selected=true caster=free_sorcerer_level1000 target=none disposition=Rejected vitals_delta=false scope=untargeted_catalog_probe gameplay_complete=false
SEAM_EVIDENCE source_map_initialize stage=entered
spell magnitude baseline omitted=["base_critical_chance", "base_critical_extra", "fatal_chance", "armor_penetration", "elemental_pierce", "source_damage_multiplier", "source_healing_multiplier", "healing_dealt_multiplier", "armor_configuration", "combat_callbacks", "elemental_imbuement", "charms", "weapon_proficiency", "prey", "wheel_combat_mastery", "battle_healing", "blessing_of_the_grove", "healing_link", "shared_conservation", "virtue_party", "sustain_healing", "sanctuary_adjacent", "exposed_weakness", "ballistic_mastery", "target_absorb_reflect"]
SEAM_EVIDENCE native_combat_prepare result=Rejected ordinary=false
SEAM_EVIDENCE spell_probe index=11 key=candidate:spell/avatar_of_steel selected=true caster=free_sorcerer_level1000 target=none disposition=Rejected vitals_delta=false scope=untargeted_catalog_probe gameplay_complete=false
SEAM_EVIDENCE source_map_initialize stage=entered
spell magnitude baseline omitted=["base_critical_chance", "base_critical_extra", "fatal_chance", "armor_penetration", "elemental_pierce", "source_damage_multiplier", "source_healing_multiplier", "healing_dealt_multiplier", "armor_configuration", "combat_callbacks", "elemental_imbuement", "charms", "weapon_proficiency", "prey", "wheel_combat_mastery", "battle_healing", "blessing_of_the_grove", "healing_link", "shared_conservation", "virtue_party", "sustain_healing", "sanctuary_adjacent", "exposed_weakness", "ballistic_mastery", "target_absorb_reflect"]
SEAM_EVIDENCE native_combat_prepare result=Rejected ordinary=false
SEAM_EVIDENCE spell_probe index=12 key=candidate:spell/avatar_of_storm selected=true caster=free_sorcerer_level1000 target=none disposition=Rejected vitals_delta=false scope=untargeted_catalog_probe gameplay_complete=false
SEAM_EVIDENCE source_map_initialize stage=entered
spell magnitude baseline omitted=["base_critical_chance", "base_critical_extra", "fatal_chance", "armor_penetration", "elemental_pierce", "source_damage_multiplier", "source_healing_multiplier", "healing_dealt_multiplier", "armor_configuration", "combat_callbacks", "elemental_imbuement", "charms", "weapon_proficiency", "prey", "wheel_combat_mastery", "battle_healing", "blessing_of_the_grove", "healing_link", "shared_conservation", "virtue_party", "sustain_healing", "sanctuary_adjacent", "exposed_weakness", "ballistic_mastery", "target_absorb_reflect"]
SEAM_EVIDENCE native_combat_prepare result=Rejected ordinary=false
SEAM_EVIDENCE spell_probe index=13 key=candidate:spell/balanced_brawl selected=true caster=free_sorcerer_level1000 target=none disposition=Rejected vitals_delta=false scope=untargeted_catalog_probe gameplay_complete=false
SEAM_EVIDENCE source_map_initialize stage=entered
spell magnitude baseline omitted=["base_critical_chance", "base_critical_extra", "fatal_chance", "armor_penetration", "elemental_pierce", "source_damage_multiplier", "source_healing_multiplier", "healing_dealt_multiplier", "armor_configuration", "combat_callbacks", "elemental_imbuement", "charms", "weapon_proficiency", "prey", "wheel_combat_mastery", "battle_healing", "blessing_of_the_grove", "healing_link", "shared_conservation", "virtue_party", "sustain_healing", "sanctuary_adjacent", "exposed_weakness", "ballistic_mastery", "target_absorb_reflect"]
SEAM_EVIDENCE ordinary_combat_prepare stage=bindings
SEAM_EVIDENCE native_combat_prepare result=Rejected ordinary=true
SEAM_EVIDENCE spell_probe index=14 key=candidate:spell/berserk selected=true caster=free_sorcerer_level1000 target=none disposition=Rejected vitals_delta=false scope=untargeted_catalog_probe gameplay_complete=false
SEAM_EVIDENCE source_map_initialize stage=entered
spell magnitude baseline omitted=["base_critical_chance", "base_critical_extra", "fatal_chance", "armor_penetration", "elemental_pierce", "source_damage_multiplier", "source_healing_multiplier", "healing_dealt_multiplier", "armor_configuration", "combat_callbacks", "elemental_imbuement", "charms", "weapon_proficiency", "prey", "wheel_combat_mastery", "battle_healing", "blessing_of_the_grove", "healing_link", "shared_conservation", "virtue_party", "sustain_healing", "sanctuary_adjacent", "exposed_weakness", "ballistic_mastery", "target_absorb_reflect"]
SEAM_EVIDENCE spell_probe index=15 key=candidate:spell/blank_rune selected=true caster=free_sorcerer_level1000 target=none disposition=Rejected vitals_delta=false scope=untargeted_catalog_probe gameplay_complete=false
SEAM_EVIDENCE source_map_initialize stage=entered
SEAM_EVIDENCE spell_probe index=16 key=candidate:spell/blood_rage selected=true caster=free_sorcerer_level1000 target=none disposition=NotAvailable vitals_delta=false scope=untargeted_catalog_probe gameplay_complete=false
SEAM_EVIDENCE source_map_initialize stage=entered
spell magnitude baseline omitted=["base_critical_chance", "base_critical_extra", "fatal_chance", "armor_penetration", "elemental_pierce", "source_damage_multiplier", "source_healing_multiplier", "healing_dealt_multiplier", "armor_configuration", "combat_callbacks", "elemental_imbuement", "charms", "weapon_proficiency", "prey", "wheel_combat_mastery", "battle_healing", "blessing_of_the_grove", "healing_link", "shared_conservation", "virtue_party", "sustain_healing", "sanctuary_adjacent", "exposed_weakness", "ballistic_mastery", "target_absorb_reflect"]
SEAM_EVIDENCE source_self_prepare stage=tile_qualified
SEAM_EVIDENCE native_combat_prepare result=NotAvailable ordinary=true
SEAM_EVIDENCE spell_probe index=17 key=candidate:spell/bruise_bane selected=true caster=free_sorcerer_level1000 target=none disposition=NotAvailable vitals_delta=false scope=untargeted_catalog_probe gameplay_complete=false
SEAM_EVIDENCE source_map_initialize stage=entered
spell magnitude baseline omitted=["base_critical_chance", "base_critical_extra", "fatal_chance", "armor_penetration", "elemental_pierce", "source_damage_multiplier", "source_healing_multiplier", "healing_dealt_multiplier", "armor_configuration", "combat_callbacks", "elemental_imbuement", "charms", "weapon_proficiency", "prey", "wheel_combat_mastery", "battle_healing", "blessing_of_the_grove", "healing_link", "shared_conservation", "virtue_party", "sustain_healing", "sanctuary_adjacent", "exposed_weakness", "ballistic_mastery", "target_absorb_reflect"]
SEAM_EVIDENCE ordinary_combat_prepare stage=bindings
SEAM_EVIDENCE native_combat_prepare result=Rejected ordinary=true
SEAM_EVIDENCE source_map_initialize stage=entered
SEAM_EVIDENCE spell_probe index=18 key=candidate:spell/brutal_strike selected=true caster=free_sorcerer_level1000 target=none disposition=Rejected vitals_delta=false scope=untargeted_catalog_probe gameplay_complete=false
SEAM_EVIDENCE source_map_initialize stage=entered
spell magnitude baseline omitted=["base_critical_chance", "base_critical_extra", "fatal_chance", "armor_penetration", "elemental_pierce", "source_damage_multiplier", "source_healing_multiplier", "healing_dealt_multiplier", "armor_configuration", "combat_callbacks", "elemental_imbuement", "charms", "weapon_proficiency", "prey", "wheel_combat_mastery", "battle_healing", "blessing_of_the_grove", "healing_link", "shared_conservation", "virtue_party", "sustain_healing", "sanctuary_adjacent", "exposed_weakness", "ballistic_mastery", "target_absorb_reflect"]
SEAM_EVIDENCE ordinary_combat_prepare stage=bindings
SEAM_EVIDENCE ordinary_combat_prepare stage=caster_qualified
SEAM_EVIDENCE ordinary_combat_prepare stage=tile_reads
SEAM_EVIDENCE ordinary_combat_prepare stage=tiles_qualified
SEAM_EVIDENCE ordinary_combat_preview operational_target=false position_target=false direction=true protection=false needs_target=false target_or_direction=true
SEAM_EVIDENCE ordinary_combat_preview caster_state pending_training=false level=1000 owned_magic=Ok(1) qualified_level=1000 qualified_magic=1 vocation_matches=true
SEAM_EVIDENCE ordinary_combat_prepare stage=paid_preview_refused reason=CoolingDown
SEAM_EVIDENCE native_combat_prepare result=CoolingDown ordinary=true
SEAM_EVIDENCE spell_probe index=19 key=candidate:spell/buzz selected=true caster=free_sorcerer_level1000 target=none disposition=CoolingDown vitals_delta=false scope=untargeted_catalog_probe gameplay_complete=false
SEAM_EVIDENCE source_map_initialize stage=entered
spell magnitude baseline omitted=["base_critical_chance", "base_critical_extra", "fatal_chance", "armor_penetration", "elemental_pierce", "source_damage_multiplier", "source_healing_multiplier", "healing_dealt_multiplier", "armor_configuration", "combat_callbacks", "elemental_imbuement", "charms", "weapon_proficiency", "prey", "wheel_combat_mastery", "battle_healing", "blessing_of_the_grove", "healing_link", "shared_conservation", "virtue_party", "sustain_healing", "sanctuary_adjacent", "exposed_weakness", "ballistic_mastery", "target_absorb_reflect"]
SEAM_EVIDENCE ordinary_combat_prepare stage=bindings
SEAM_EVIDENCE native_combat_prepare result=Rejected ordinary=true
SEAM_EVIDENCE source_map_initialize stage=entered
SEAM_EVIDENCE spell_probe index=20 key=candidate:spell/cancel_invisibility selected=true caster=free_sorcerer_level1000 target=none disposition=Rejected vitals_delta=false scope=untargeted_catalog_probe gameplay_complete=false
SEAM_EVIDENCE source_map_initialize stage=entered
spell magnitude baseline omitted=["base_critical_chance", "base_critical_extra", "fatal_chance", "armor_penetration", "elemental_pierce", "source_damage_multiplier", "source_healing_multiplier", "healing_dealt_multiplier", "armor_configuration", "combat_callbacks", "elemental_imbuement", "charms", "weapon_proficiency", "prey", "wheel_combat_mastery", "battle_healing", "blessing_of_the_grove", "healing_link", "shared_conservation", "virtue_party", "sustain_healing", "sanctuary_adjacent", "exposed_weakness", "ballistic_mastery", "target_absorb_reflect"]
SEAM_EVIDENCE native_combat_prepare result=Rejected ordinary=true
SEAM_EVIDENCE spell_probe index=21 key=candidate:spell/cancel_magic_shield selected=true caster=free_sorcerer_level1000 target=none disposition=Rejected vitals_delta=false scope=untargeted_catalog_probe gameplay_complete=false
SEAM_EVIDENCE source_map_initialize stage=entered
spell magnitude baseline omitted=["base_critical_chance", "base_critical_extra", "fatal_chance", "armor_penetration", "elemental_pierce", "source_damage_multiplier", "source_healing_multiplier", "healing_dealt_multiplier", "armor_configuration", "combat_callbacks", "elemental_imbuement", "charms", "weapon_proficiency", "prey", "wheel_combat_mastery", "battle_healing", "blessing_of_the_grove", "healing_link", "shared_conservation", "virtue_party", "sustain_healing", "sanctuary_adjacent", "exposed_weakness", "ballistic_mastery", "target_absorb_reflect"]
SEAM_EVIDENCE ordinary_combat_prepare stage=bindings
SEAM_EVIDENCE native_combat_prepare result=Rejected ordinary=true
SEAM_EVIDENCE spell_probe index=22 key=candidate:spell/chained_penance selected=true caster=free_sorcerer_level1000 target=none disposition=Rejected vitals_delta=false scope=untargeted_catalog_probe gameplay_complete=false
SEAM_EVIDENCE source_map_initialize stage=entered
spell magnitude baseline omitted=["base_critical_chance", "base_critical_extra", "fatal_chance", "armor_penetration", "elemental_pierce", "source_damage_multiplier", "source_healing_multiplier", "healing_dealt_multiplier", "armor_configuration", "combat_callbacks", "elemental_imbuement", "charms", "weapon_proficiency", "prey", "wheel_combat_mastery", "battle_healing", "blessing_of_the_grove", "healing_link", "shared_conservation", "virtue_party", "sustain_healing", "sanctuary_adjacent", "exposed_weakness", "ballistic_mastery", "target_absorb_reflect"]
SEAM_EVIDENCE native_combat_prepare result=Rejected ordinary=false
SEAM_EVIDENCE spell_probe index=23 key=candidate:spell/challenge selected=true caster=free_sorcerer_level1000 target=none disposition=Rejected vitals_delta=false scope=untargeted_catalog_probe gameplay_complete=false
SEAM_EVIDENCE source_map_initialize stage=entered
spell magnitude baseline omitted=["base_critical_chance", "base_critical_extra", "fatal_chance", "armor_penetration", "elemental_pierce", "source_damage_multiplier", "source_healing_multiplier", "healing_dealt_multiplier", "armor_configuration", "combat_callbacks", "elemental_imbuement", "charms", "weapon_proficiency", "prey", "wheel_combat_mastery", "battle_healing", "blessing_of_the_grove", "healing_link", "shared_conservation", "virtue_party", "sustain_healing", "sanctuary_adjacent", "exposed_weakness", "ballistic_mastery", "target_absorb_reflect"]
SEAM_EVIDENCE spell_probe index=24 key=candidate:spell/chameleon_rune selected=true caster=free_sorcerer_level1000 target=none disposition=NotAvailable vitals_delta=false scope=untargeted_catalog_probe gameplay_complete=false
SEAM_EVIDENCE source_map_initialize stage=entered
spell magnitude baseline omitted=["base_critical_chance", "base_critical_extra", "fatal_chance", "armor_penetration", "elemental_pierce", "source_damage_multiplier", "source_healing_multiplier", "healing_dealt_multiplier", "armor_configuration", "combat_callbacks", "elemental_imbuement", "charms", "weapon_proficiency", "prey", "wheel_combat_mastery", "battle_healing", "blessing_of_the_grove", "healing_link", "shared_conservation", "virtue_party", "sustain_healing", "sanctuary_adjacent", "exposed_weakness", "ballistic_mastery", "target_absorb_reflect"]
SEAM_EVIDENCE native_combat_prepare result=Rejected ordinary=false
SEAM_EVIDENCE spell_probe index=25 key=candidate:spell/charge selected=true caster=free_sorcerer_level1000 target=none disposition=Rejected vitals_delta=false scope=untargeted_catalog_probe gameplay_complete=false
SEAM_EVIDENCE source_map_initialize stage=entered
spell magnitude baseline omitted=["base_critical_chance", "base_critical_extra", "fatal_chance", "armor_penetration", "elemental_pierce", "source_damage_multiplier", "source_healing_multiplier", "healing_dealt_multiplier", "armor_configuration", "combat_callbacks", "elemental_imbuement", "charms", "weapon_proficiency", "prey", "wheel_combat_mastery", "battle_healing", "blessing_of_the_grove", "healing_link", "shared_conservation", "virtue_party", "sustain_healing", "sanctuary_adjacent", "exposed_weakness", "ballistic_mastery", "target_absorb_reflect"]
SEAM_EVIDENCE ordinary_combat_prepare stage=bindings
SEAM_EVIDENCE ordinary_combat_prepare stage=caster_qualified
SEAM_EVIDENCE ordinary_combat_prepare stage=tile_reads
SEAM_EVIDENCE ordinary_combat_prepare stage=tiles_qualified
SEAM_EVIDENCE ordinary_combat_preview operational_target=false position_target=false direction=true protection=false needs_target=false target_or_direction=false
SEAM_EVIDENCE ordinary_combat_preview caster_state pending_training=false level=1000 owned_magic=Ok(1) qualified_level=1000 qualified_magic=1 vocation_matches=true
SEAM_EVIDENCE ordinary_combat_prepare stage=paid_preview_refused reason=NotAvailable
SEAM_EVIDENCE native_combat_prepare result=NotAvailable ordinary=true
SEAM_EVIDENCE spell_probe index=26 key=candidate:spell/chill_out selected=true caster=free_sorcerer_level1000 target=none disposition=NotAvailable vitals_delta=false scope=untargeted_catalog_probe gameplay_complete=false
SEAM_EVIDENCE source_map_initialize stage=entered
spell magnitude baseline omitted=["base_critical_chance", "base_critical_extra", "fatal_chance", "armor_penetration", "elemental_pierce", "source_damage_multiplier", "source_healing_multiplier", "healing_dealt_multiplier", "armor_configuration", "combat_callbacks", "elemental_imbuement", "charms", "weapon_proficiency", "prey", "wheel_combat_mastery", "battle_healing", "blessing_of_the_grove", "healing_link", "shared_conservation", "virtue_party", "sustain_healing", "sanctuary_adjacent", "exposed_weakness", "ballistic_mastery", "target_absorb_reflect"]
SEAM_EVIDENCE native_combat_prepare result=Rejected ordinary=false
SEAM_EVIDENCE spell_probe index=27 key=candidate:spell/chivalrous_challenge selected=true caster=free_sorcerer_level1000 target=none disposition=Rejected vitals_delta=false scope=untargeted_catalog_probe gameplay_complete=false
SEAM_EVIDENCE source_map_initialize stage=entered
spell magnitude baseline omitted=["base_critical_chance", "base_critical_extra", "fatal_chance", "armor_penetration", "elemental_pierce", "source_damage_multiplier", "source_healing_multiplier", "healing_dealt_multiplier", "armor_configuration", "combat_callbacks", "elemental_imbuement", "charms", "weapon_proficiency", "prey", "wheel_combat_mastery", "battle_healing", "blessing_of_the_grove", "healing_link", "shared_conservation", "virtue_party", "sustain_healing", "sanctuary_adjacent", "exposed_weakness", "ballistic_mastery", "target_absorb_reflect"]
SEAM_EVIDENCE spell_probe index=28 key=candidate:spell/conjure_arrow selected=true caster=free_sorcerer_level1000 target=none disposition=NotAvailable vitals_delta=false scope=untargeted_catalog_probe gameplay_complete=false
SEAM_EVIDENCE source_map_initialize stage=entered
SEAM_EVIDENCE source_map_initialize stage=entered
spell magnitude baseline omitted=["base_critical_chance", "base_critical_extra", "fatal_chance", "armor_penetration", "elemental_pierce", "source_damage_multiplier", "source_healing_multiplier", "healing_dealt_multiplier", "armor_configuration", "combat_callbacks", "elemental_imbuement", "charms", "weapon_proficiency", "prey", "wheel_combat_mastery", "battle_healing", "blessing_of_the_grove", "healing_link", "shared_conservation", "virtue_party", "sustain_healing", "sanctuary_adjacent", "exposed_weakness", "ballistic_mastery", "target_absorb_reflect"]
SEAM_EVIDENCE spell_probe index=29 key=candidate:spell/conjure_bolt selected=true caster=free_sorcerer_level1000 target=none disposition=NotAvailable vitals_delta=false scope=untargeted_catalog_probe gameplay_complete=false
SEAM_EVIDENCE source_map_initialize stage=entered
spell magnitude baseline omitted=["base_critical_chance", "base_critical_extra", "fatal_chance", "armor_penetration", "elemental_pierce", "source_damage_multiplier", "source_healing_multiplier", "healing_dealt_multiplier", "armor_configuration", "combat_callbacks", "elemental_imbuement", "charms", "weapon_proficiency", "prey", "wheel_combat_mastery", "battle_healing", "blessing_of_the_grove", "healing_link", "shared_conservation", "virtue_party", "sustain_healing", "sanctuary_adjacent", "exposed_weakness", "ballistic_mastery", "target_absorb_reflect"]
SEAM_EVIDENCE spell_probe index=30 key=candidate:spell/conjure_explosive_arrow selected=true caster=free_sorcerer_level1000 target=none disposition=NotAvailable vitals_delta=false scope=untargeted_catalog_probe gameplay_complete=false
SEAM_EVIDENCE source_map_initialize stage=entered
spell magnitude baseline omitted=["base_critical_chance", "base_critical_extra", "fatal_chance", "armor_penetration", "elemental_pierce", "source_damage_multiplier", "source_healing_multiplier", "healing_dealt_multiplier", "armor_configuration", "combat_callbacks", "elemental_imbuement", "charms", "weapon_proficiency", "prey", "wheel_combat_mastery", "battle_healing", "blessing_of_the_grove", "healing_link", "shared_conservation", "virtue_party", "sustain_healing", "sanctuary_adjacent", "exposed_weakness", "ballistic_mastery", "target_absorb_reflect"]
SEAM_EVIDENCE source_map_initialize stage=entered
SEAM_EVIDENCE spell_probe index=31 key=candidate:spell/conjure_piercing_bolt selected=true caster=free_sorcerer_level1000 target=none disposition=NotAvailable vitals_delta=false scope=untargeted_catalog_probe gameplay_complete=false
SEAM_EVIDENCE source_map_initialize stage=entered
spell magnitude baseline omitted=["base_critical_chance", "base_critical_extra", "fatal_chance", "armor_penetration", "elemental_pierce", "source_damage_multiplier", "source_healing_multiplier", "healing_dealt_multiplier", "armor_configuration", "combat_callbacks", "elemental_imbuement", "charms", "weapon_proficiency", "prey", "wheel_combat_mastery", "battle_healing", "blessing_of_the_grove", "healing_link", "shared_conservation", "virtue_party", "sustain_healing", "sanctuary_adjacent", "exposed_weakness", "ballistic_mastery", "target_absorb_reflect"]
SEAM_EVIDENCE spell_probe index=32 key=candidate:spell/conjure_poisoned_arrow selected=true caster=free_sorcerer_level1000 target=none disposition=NotAvailable vitals_delta=false scope=untargeted_catalog_probe gameplay_complete=false
SEAM_EVIDENCE source_map_initialize stage=entered
spell magnitude baseline omitted=["base_critical_chance", "base_critical_extra", "fatal_chance", "armor_penetration", "elemental_pierce", "source_damage_multiplier", "source_healing_multiplier", "healing_dealt_multiplier", "armor_configuration", "combat_callbacks", "elemental_imbuement", "charms", "weapon_proficiency", "prey", "wheel_combat_mastery", "battle_healing", "blessing_of_the_grove", "healing_link", "shared_conservation", "virtue_party", "sustain_healing", "sanctuary_adjacent", "exposed_weakness", "ballistic_mastery", "target_absorb_reflect"]
SEAM_EVIDENCE spell_probe index=33 key=candidate:spell/conjure_power_bolt selected=true caster=free_sorcerer_level1000 target=none disposition=NotAvailable vitals_delta=false scope=untargeted_catalog_probe gameplay_complete=false
SEAM_EVIDENCE source_map_initialize stage=entered
spell magnitude baseline omitted=["base_critical_chance", "base_critical_extra", "fatal_chance", "armor_penetration", "elemental_pierce", "source_damage_multiplier", "source_healing_multiplier", "healing_dealt_multiplier", "armor_configuration", "combat_callbacks", "elemental_imbuement", "charms", "weapon_proficiency", "prey", "wheel_combat_mastery", "battle_healing", "blessing_of_the_grove", "healing_link", "shared_conservation", "virtue_party", "sustain_healing", "sanctuary_adjacent", "exposed_weakness", "ballistic_mastery", "target_absorb_reflect"]
SEAM_EVIDENCE spell_probe index=34 key=candidate:spell/conjure_royal_star selected=true caster=free_sorcerer_level1000 target=none disposition=NotAvailable vitals_delta=false scope=untargeted_catalog_probe gameplay_complete=false
SEAM_EVIDENCE source_map_initialize stage=entered
spell magnitude baseline omitted=["base_critical_chance", "base_critical_extra", "fatal_chance", "armor_penetration", "elemental_pierce", "source_damage_multiplier", "source_healing_multiplier", "healing_dealt_multiplier", "armor_configuration", "combat_callbacks", "elemental_imbuement", "charms", "weapon_proficiency", "prey", "wheel_combat_mastery", "battle_healing", "blessing_of_the_grove", "healing_link", "shared_conservation", "virtue_party", "sustain_healing", "sanctuary_adjacent", "exposed_weakness", "ballistic_mastery", "target_absorb_reflect"]
SEAM_EVIDENCE spell_probe index=35 key=candidate:spell/conjure_sniper_arrow selected=true caster=free_sorcerer_level1000 target=none disposition=NotAvailable vitals_delta=false scope=untargeted_catalog_probe gameplay_complete=false
SEAM_EVIDENCE source_map_initialize stage=entered
spell magnitude baseline omitted=["base_critical_chance", "base_critical_extra", "fatal_chance", "armor_penetration", "elemental_pierce", "source_damage_multiplier", "source_healing_multiplier", "healing_dealt_multiplier", "armor_configuration", "combat_callbacks", "elemental_imbuement", "charms", "weapon_proficiency", "prey", "wheel_combat_mastery", "battle_healing", "blessing_of_the_grove", "healing_link", "shared_conservation", "virtue_party", "sustain_healing", "sanctuary_adjacent", "exposed_weakness", "ballistic_mastery", "target_absorb_reflect"]
SEAM_EVIDENCE spell_probe index=36 key=candidate:spell/conjure_wand_of_darkness selected=true caster=free_sorcerer_level1000 target=none disposition=NotAvailable vitals_delta=false scope=untargeted_catalog_probe gameplay_complete=false
SEAM_EVIDENCE source_map_initialize stage=entered
spell magnitude baseline omitted=["base_critical_chance", "base_critical_extra", "fatal_chance", "armor_penetration", "elemental_pierce", "source_damage_multiplier", "source_healing_multiplier", "healing_dealt_multiplier", "armor_configuration", "combat_callbacks", "elemental_imbuement", "charms", "weapon_proficiency", "prey", "wheel_combat_mastery", "battle_healing", "blessing_of_the_grove", "healing_link", "shared_conservation", "virtue_party", "sustain_healing", "sanctuary_adjacent", "exposed_weakness", "ballistic_mastery", "target_absorb_reflect"]
SEAM_EVIDENCE source_map_initialize stage=entered
SEAM_EVIDENCE spell_probe index=37 key=candidate:spell/convince_creature_rune selected=true caster=free_sorcerer_level1000 target=none disposition=NotAvailable vitals_delta=false scope=untargeted_catalog_probe gameplay_complete=false
SEAM_EVIDENCE source_map_initialize stage=entered
SEAM_EVIDENCE spell_probe index=38 key=candidate:spell/creature_illusion selected=true caster=free_sorcerer_level1000 target=none disposition=Rejected vitals_delta=false scope=untargeted_catalog_probe gameplay_complete=false
SEAM_EVIDENCE source_map_initialize stage=entered
spell magnitude baseline omitted=["base_critical_chance", "base_critical_extra", "fatal_chance", "armor_penetration", "elemental_pierce", "source_damage_multiplier", "source_healing_multiplier", "healing_dealt_multiplier", "armor_configuration", "combat_callbacks", "elemental_imbuement", "charms", "weapon_proficiency", "prey", "wheel_combat_mastery", "battle_healing", "blessing_of_the_grove", "healing_link", "shared_conservation", "virtue_party", "sustain_healing", "sanctuary_adjacent", "exposed_weakness", "ballistic_mastery", "target_absorb_reflect"]
SEAM_EVIDENCE native_combat_prepare result=Rejected ordinary=true
SEAM_EVIDENCE spell_probe index=39 key=candidate:spell/cure_bleeding selected=true caster=free_sorcerer_level1000 target=none disposition=Rejected vitals_delta=false scope=untargeted_catalog_probe gameplay_complete=false
SEAM_EVIDENCE source_map_initialize stage=entered
spell magnitude baseline omitted=["base_critical_chance", "base_critical_extra", "fatal_chance", "armor_penetration", "elemental_pierce", "source_damage_multiplier", "source_healing_multiplier", "healing_dealt_multiplier", "armor_configuration", "combat_callbacks", "elemental_imbuement", "charms", "weapon_proficiency", "prey", "wheel_combat_mastery", "battle_healing", "blessing_of_the_grove", "healing_link", "shared_conservation", "virtue_party", "sustain_healing", "sanctuary_adjacent", "exposed_weakness", "ballistic_mastery", "target_absorb_reflect"]
SEAM_EVIDENCE native_combat_prepare result=Rejected ordinary=true
SEAM_EVIDENCE source_map_initialize stage=entered
SEAM_EVIDENCE spell_probe index=40 key=candidate:spell/cure_burning selected=true caster=free_sorcerer_level1000 target=none disposition=Rejected vitals_delta=false scope=untargeted_catalog_probe gameplay_complete=false
SEAM_EVIDENCE source_map_initialize stage=entered
spell magnitude baseline omitted=["base_critical_chance", "base_critical_extra", "fatal_chance", "armor_penetration", "elemental_pierce", "source_damage_multiplier", "source_healing_multiplier", "healing_dealt_multiplier", "armor_configuration", "combat_callbacks", "elemental_imbuement", "charms", "weapon_proficiency", "prey", "wheel_combat_mastery", "battle_healing", "blessing_of_the_grove", "healing_link", "shared_conservation", "virtue_party", "sustain_healing", "sanctuary_adjacent", "exposed_weakness", "ballistic_mastery", "target_absorb_reflect"]
SEAM_EVIDENCE native_combat_prepare result=Rejected ordinary=true
SEAM_EVIDENCE spell_probe index=41 key=candidate:spell/cure_curse selected=true caster=free_sorcerer_level1000 target=none disposition=Rejected vitals_delta=false scope=untargeted_catalog_probe gameplay_complete=false
SEAM_EVIDENCE source_map_initialize stage=entered
spell magnitude baseline omitted=["base_critical_chance", "base_critical_extra", "fatal_chance", "armor_penetration", "elemental_pierce", "source_damage_multiplier", "source_healing_multiplier", "healing_dealt_multiplier", "armor_configuration", "combat_callbacks", "elemental_imbuement", "charms", "weapon_proficiency", "prey", "wheel_combat_mastery", "battle_healing", "blessing_of_the_grove", "healing_link", "shared_conservation", "virtue_party", "sustain_healing", "sanctuary_adjacent", "exposed_weakness", "ballistic_mastery", "target_absorb_reflect"]
SEAM_EVIDENCE native_combat_prepare result=Rejected ordinary=true
SEAM_EVIDENCE spell_probe index=42 key=candidate:spell/cure_electrification selected=true caster=free_sorcerer_level1000 target=none disposition=Rejected vitals_delta=false scope=untargeted_catalog_probe gameplay_complete=false
SEAM_EVIDENCE source_map_initialize stage=entered
spell magnitude baseline omitted=["base_critical_chance", "base_critical_extra", "fatal_chance", "armor_penetration", "elemental_pierce", "source_damage_multiplier", "source_healing_multiplier", "healing_dealt_multiplier", "armor_configuration", "combat_callbacks", "elemental_imbuement", "charms", "weapon_proficiency", "prey", "wheel_combat_mastery", "battle_healing", "blessing_of_the_grove", "healing_link", "shared_conservation", "virtue_party", "sustain_healing", "sanctuary_adjacent", "exposed_weakness", "ballistic_mastery", "target_absorb_reflect"]
SEAM_EVIDENCE source_self_prepare stage=tile_qualified
SEAM_EVIDENCE source_self_prepare stage=preview_training_qualified
spell magnitude baseline omitted=["base_critical_chance", "base_critical_extra", "fatal_chance", "armor_penetration", "elemental_pierce", "source_damage_multiplier", "source_healing_multiplier", "healing_dealt_multiplier", "armor_configuration", "combat_callbacks", "elemental_imbuement", "charms", "weapon_proficiency", "prey", "wheel_combat_mastery", "battle_healing", "blessing_of_the_grove", "healing_link", "shared_conservation", "virtue_party", "sustain_healing", "sanctuary_adjacent", "exposed_weakness", "ballistic_mastery", "target_absorb_reflect"]
SEAM_EVIDENCE source_map_initialize stage=entered
SEAM_EVIDENCE spell_probe index=43 key=candidate:spell/cure_poison selected=true caster=free_sorcerer_level1000 target=none disposition=Cast vitals_delta=true scope=untargeted_catalog_probe gameplay_complete=false
SEAM_EVIDENCE source_map_initialize stage=entered
spell magnitude baseline omitted=["base_critical_chance", "base_critical_extra", "fatal_chance", "armor_penetration", "elemental_pierce", "source_damage_multiplier", "source_healing_multiplier", "healing_dealt_multiplier", "armor_configuration", "combat_callbacks", "elemental_imbuement", "charms", "weapon_proficiency", "prey", "wheel_combat_mastery", "battle_healing", "blessing_of_the_grove", "healing_link", "shared_conservation", "virtue_party", "sustain_healing", "sanctuary_adjacent", "exposed_weakness", "ballistic_mastery", "target_absorb_reflect"]
SEAM_EVIDENCE spell_probe index=44 key=candidate:spell/cure_poison_rune selected=true caster=free_sorcerer_level1000 target=none disposition=NotAvailable vitals_delta=false scope=untargeted_catalog_probe gameplay_complete=false
SEAM_EVIDENCE source_map_initialize stage=entered
spell magnitude baseline omitted=["base_critical_chance", "base_critical_extra", "fatal_chance", "armor_penetration", "elemental_pierce", "source_damage_multiplier", "source_healing_multiplier", "healing_dealt_multiplier", "armor_configuration", "combat_callbacks", "elemental_imbuement", "charms", "weapon_proficiency", "prey", "wheel_combat_mastery", "battle_healing", "blessing_of_the_grove", "healing_link", "shared_conservation", "virtue_party", "sustain_healing", "sanctuary_adjacent", "exposed_weakness", "ballistic_mastery", "target_absorb_reflect"]
SEAM_EVIDENCE ordinary_combat_prepare stage=bindings
SEAM_EVIDENCE native_combat_prepare result=Rejected ordinary=true
SEAM_EVIDENCE spell_probe index=45 key=candidate:spell/curse selected=true caster=free_sorcerer_level1000 target=none disposition=Rejected vitals_delta=false scope=untargeted_catalog_probe gameplay_complete=false
SEAM_EVIDENCE source_map_initialize stage=entered
SEAM_EVIDENCE source_map_initialize stage=entered
SEAM_EVIDENCE spell_probe index=46 key=candidate:spell/death_echo selected=true caster=free_sorcerer_level1000 target=none disposition=NotAvailable vitals_delta=false scope=untargeted_catalog_probe gameplay_complete=false
SEAM_EVIDENCE source_map_initialize stage=entered
spell magnitude baseline omitted=["base_critical_chance", "base_critical_extra", "fatal_chance", "armor_penetration", "elemental_pierce", "source_damage_multiplier", "source_healing_multiplier", "healing_dealt_multiplier", "armor_configuration", "combat_callbacks", "elemental_imbuement", "charms", "weapon_proficiency", "prey", "wheel_combat_mastery", "battle_healing", "blessing_of_the_grove", "healing_link", "shared_conservation", "virtue_party", "sustain_healing", "sanctuary_adjacent", "exposed_weakness", "ballistic_mastery", "target_absorb_reflect"]
SEAM_EVIDENCE ordinary_combat_prepare stage=bindings
SEAM_EVIDENCE ordinary_combat_prepare stage=caster_qualified
SEAM_EVIDENCE ordinary_combat_prepare stage=tile_reads
SEAM_EVIDENCE ordinary_combat_prepare stage=tiles_qualified
SEAM_EVIDENCE ordinary_combat_preview operational_target=false position_target=false direction=true protection=false needs_target=false target_or_direction=true
SEAM_EVIDENCE ordinary_combat_preview caster_state pending_training=false level=1000 owned_magic=Ok(1) qualified_level=1000 qualified_magic=1 vocation_matches=true
SEAM_EVIDENCE ordinary_combat_prepare stage=paid_preview_qualified
SEAM_EVIDENCE ordinary_combat_lower stage=applications_qualified applications=0 geometry=1
SEAM_EVIDENCE ordinary_combat_lower stage=presentation_prepare cues=1 applications=0 magnitude_hits=0
SEAM_EVIDENCE ordinary_combat_prepare stage=lower_preview_qualified
SEAM_EVIDENCE ordinary_combat_lower stage=applications_qualified applications=0 geometry=1
SEAM_EVIDENCE ordinary_combat_lower stage=presentation_prepare cues=1 applications=0 magnitude_hits=0
spell magnitude baseline omitted=["base_critical_chance", "base_critical_extra", "fatal_chance", "armor_penetration", "elemental_pierce", "source_damage_multiplier", "source_healing_multiplier", "healing_dealt_multiplier", "armor_configuration", "combat_callbacks", "elemental_imbuement", "charms", "weapon_proficiency", "prey", "wheel_combat_mastery", "battle_healing", "blessing_of_the_grove", "healing_link", "shared_conservation", "virtue_party", "sustain_healing", "sanctuary_adjacent", "exposed_weakness", "ballistic_mastery", "target_absorb_reflect"]
SEAM_EVIDENCE source_map_initialize stage=entered
SEAM_EVIDENCE spell_probe index=47 key=candidate:spell/death_strike selected=true caster=free_sorcerer_level1000 target=none disposition=Cast vitals_delta=true scope=untargeted_catalog_probe gameplay_complete=false
SEAM_EVIDENCE source_map_initialize stage=entered
spell magnitude baseline omitted=["base_critical_chance", "base_critical_extra", "fatal_chance", "armor_penetration", "elemental_pierce", "source_damage_multiplier", "source_healing_multiplier", "healing_dealt_multiplier", "armor_configuration", "combat_callbacks", "elemental_imbuement", "charms", "weapon_proficiency", "prey", "wheel_combat_mastery", "battle_healing", "blessing_of_the_grove", "healing_link", "shared_conservation", "virtue_party", "sustain_healing", "sanctuary_adjacent", "exposed_weakness", "ballistic_mastery", "target_absorb_reflect"]
SEAM_EVIDENCE spell_probe index=48 key=candidate:spell/destroy_field_rune selected=true caster=free_sorcerer_level1000 target=none disposition=Rejected vitals_delta=false scope=untargeted_catalog_probe gameplay_complete=false
SEAM_EVIDENCE source_map_initialize stage=entered
spell magnitude baseline omitted=["base_critical_chance", "base_critical_extra", "fatal_chance", "armor_penetration", "elemental_pierce", "source_damage_multiplier", "source_healing_multiplier", "healing_dealt_multiplier", "armor_configuration", "combat_callbacks", "elemental_imbuement", "charms", "weapon_proficiency", "prey", "wheel_combat_mastery", "battle_healing", "blessing_of_the_grove", "healing_link", "shared_conservation", "virtue_party", "sustain_healing", "sanctuary_adjacent", "exposed_weakness", "ballistic_mastery", "target_absorb_reflect"]
SEAM_EVIDENCE ordinary_combat_prepare stage=bindings
SEAM_EVIDENCE native_combat_prepare result=Rejected ordinary=true
SEAM_EVIDENCE spell_probe index=49 key=candidate:spell/devastating_knockout selected=true caster=free_sorcerer_level1000 target=none disposition=Rejected vitals_delta=false scope=untargeted_catalog_probe gameplay_complete=false
SEAM_EVIDENCE source_map_initialize stage=entered
spell magnitude baseline omitted=["base_critical_chance", "base_critical_extra", "fatal_chance", "armor_penetration", "elemental_pierce", "source_damage_multiplier", "source_healing_multiplier", "healing_dealt_multiplier", "armor_configuration", "combat_callbacks", "elemental_imbuement", "charms", "weapon_proficiency", "prey", "wheel_combat_mastery", "battle_healing", "blessing_of_the_grove", "healing_link", "shared_conservation", "virtue_party", "sustain_healing", "sanctuary_adjacent", "exposed_weakness", "ballistic_mastery", "target_absorb_reflect"]
SEAM_EVIDENCE spell_probe index=50 key=candidate:spell/disintegrate_rune selected=true caster=free_sorcerer_level1000 target=none disposition=NotAvailable vitals_delta=false scope=untargeted_catalog_probe gameplay_complete=false
SEAM_EVIDENCE source_map_initialize stage=entered
spell magnitude baseline omitted=["base_critical_chance", "base_critical_extra", "fatal_chance", "armor_penetration", "elemental_pierce", "source_damage_multiplier", "source_healing_multiplier", "healing_dealt_multiplier", "armor_configuration", "combat_callbacks", "elemental_imbuement", "charms", "weapon_proficiency", "prey", "wheel_combat_mastery", "battle_healing", "blessing_of_the_grove", "healing_link", "shared_conservation", "virtue_party", "sustain_healing", "sanctuary_adjacent", "exposed_weakness", "ballistic_mastery", "target_absorb_reflect"]
SEAM_EVIDENCE ordinary_combat_prepare stage=bindings
SEAM_EVIDENCE native_combat_prepare result=Rejected ordinary=true
SEAM_EVIDENCE spell_probe index=51 key=candidate:spell/divine_barrage selected=true caster=free_sorcerer_level1000 target=none disposition=Rejected vitals_delta=false scope=untargeted_catalog_probe gameplay_complete=false
SEAM_EVIDENCE source_map_initialize stage=entered
spell magnitude baseline omitted=["base_critical_chance", "base_critical_extra", "fatal_chance", "armor_penetration", "elemental_pierce", "source_damage_multiplier", "source_healing_multiplier", "healing_dealt_multiplier", "armor_configuration", "combat_callbacks", "elemental_imbuement", "charms", "weapon_proficiency", "prey", "wheel_combat_mastery", "battle_healing", "blessing_of_the_grove", "healing_link", "shared_conservation", "virtue_party", "sustain_healing", "sanctuary_adjacent", "exposed_weakness", "ballistic_mastery", "target_absorb_reflect"]
SEAM_EVIDENCE ordinary_combat_prepare stage=bindings
SEAM_EVIDENCE native_combat_prepare result=Rejected ordinary=true
SEAM_EVIDENCE spell_probe index=52 key=candidate:spell/divine_caldera selected=true caster=free_sorcerer_level1000 target=none disposition=Rejected vitals_delta=false scope=untargeted_catalog_probe gameplay_complete=false
SEAM_EVIDENCE source_map_initialize stage=entered
spell magnitude baseline omitted=["base_critical_chance", "base_critical_extra", "fatal_chance", "armor_penetration", "elemental_pierce", "source_damage_multiplier", "source_healing_multiplier", "healing_dealt_multiplier", "armor_configuration", "combat_callbacks", "elemental_imbuement", "charms", "weapon_proficiency", "prey", "wheel_combat_mastery", "battle_healing", "blessing_of_the_grove", "healing_link", "shared_conservation", "virtue_party", "sustain_healing", "sanctuary_adjacent", "exposed_weakness", "ballistic_mastery", "target_absorb_reflect"]
SEAM_EVIDENCE native_combat_prepare result=Rejected ordinary=false
SEAM_EVIDENCE spell_probe index=53 key=candidate:spell/divine_dazzle selected=true caster=free_sorcerer_level1000 target=none disposition=Rejected vitals_delta=false scope=untargeted_catalog_probe gameplay_complete=false
SEAM_EVIDENCE source_map_initialize stage=entered
spell magnitude baseline omitted=["base_critical_chance", "base_critical_extra", "fatal_chance", "armor_penetration", "elemental_pierce", "source_damage_multiplier", "source_healing_multiplier", "healing_dealt_multiplier", "armor_configuration", "combat_callbacks", "elemental_imbuement", "charms", "weapon_proficiency", "prey", "wheel_combat_mastery", "battle_healing", "blessing_of_the_grove", "healing_link", "shared_conservation", "virtue_party", "sustain_healing", "sanctuary_adjacent", "exposed_weakness", "ballistic_mastery", "target_absorb_reflect"]
SEAM_EVIDENCE native_combat_prepare result=Rejected ordinary=true
SEAM_EVIDENCE spell_probe index=54 key=candidate:spell/divine_defiance selected=true caster=free_sorcerer_level1000 target=none disposition=Rejected vitals_delta=false scope=untargeted_catalog_probe gameplay_complete=false
SEAM_EVIDENCE source_map_initialize stage=entered
SEAM_EVIDENCE spell_probe index=55 key=candidate:spell/divine_empowerment selected=true caster=free_sorcerer_level1000 target=none disposition=NotAvailable vitals_delta=false scope=untargeted_catalog_probe gameplay_complete=false
SEAM_EVIDENCE source_map_initialize stage=entered
SEAM_EVIDENCE source_map_initialize stage=entered
SEAM_EVIDENCE spell_probe index=56 key=candidate:spell/divine_grenade selected=true caster=free_sorcerer_level1000 target=none disposition=CoolingDown vitals_delta=false scope=untargeted_catalog_probe gameplay_complete=false
SEAM_EVIDENCE source_map_initialize stage=entered
spell magnitude baseline omitted=["base_critical_chance", "base_critical_extra", "fatal_chance", "armor_penetration", "elemental_pierce", "source_damage_multiplier", "source_healing_multiplier", "healing_dealt_multiplier", "armor_configuration", "combat_callbacks", "elemental_imbuement", "charms", "weapon_proficiency", "prey", "wheel_combat_mastery", "battle_healing", "blessing_of_the_grove", "healing_link", "shared_conservation", "virtue_party", "sustain_healing", "sanctuary_adjacent", "exposed_weakness", "ballistic_mastery", "target_absorb_reflect"]
SEAM_EVIDENCE source_self_prepare stage=tile_qualified
SEAM_EVIDENCE native_combat_prepare result=NotAvailable ordinary=true
SEAM_EVIDENCE spell_probe index=57 key=candidate:spell/divine_healing selected=true caster=free_sorcerer_level1000 target=none disposition=NotAvailable vitals_delta=false scope=untargeted_catalog_probe gameplay_complete=false
SEAM_EVIDENCE source_map_initialize stage=entered
SEAM_EVIDENCE source_map_initialize stage=entered
spell magnitude baseline omitted=["base_critical_chance", "base_critical_extra", "fatal_chance", "armor_penetration", "elemental_pierce", "source_damage_multiplier", "source_healing_multiplier", "healing_dealt_multiplier", "armor_configuration", "combat_callbacks", "elemental_imbuement", "charms", "weapon_proficiency", "prey", "wheel_combat_mastery", "battle_healing", "blessing_of_the_grove", "healing_link", "shared_conservation", "virtue_party", "sustain_healing", "sanctuary_adjacent", "exposed_weakness", "ballistic_mastery", "target_absorb_reflect"]
SEAM_EVIDENCE ordinary_combat_prepare stage=bindings
SEAM_EVIDENCE native_combat_prepare result=Rejected ordinary=true
SEAM_EVIDENCE spell_probe index=58 key=candidate:spell/divine_missile selected=true caster=free_sorcerer_level1000 target=none disposition=Rejected vitals_delta=false scope=untargeted_catalog_probe gameplay_complete=false
SEAM_EVIDENCE source_map_initialize stage=entered
spell magnitude baseline omitted=["base_critical_chance", "base_critical_extra", "fatal_chance", "armor_penetration", "elemental_pierce", "source_damage_multiplier", "source_healing_multiplier", "healing_dealt_multiplier", "armor_configuration", "combat_callbacks", "elemental_imbuement", "charms", "weapon_proficiency", "prey", "wheel_combat_mastery", "battle_healing", "blessing_of_the_grove", "healing_link", "shared_conservation", "virtue_party", "sustain_healing", "sanctuary_adjacent", "exposed_weakness", "ballistic_mastery", "target_absorb_reflect"]
SEAM_EVIDENCE ordinary_combat_prepare stage=bindings
SEAM_EVIDENCE native_combat_prepare result=Rejected ordinary=true
SEAM_EVIDENCE spell_probe index=59 key=candidate:spell/double_jab selected=true caster=free_sorcerer_level1000 target=none disposition=Rejected vitals_delta=false scope=untargeted_catalog_probe gameplay_complete=false
SEAM_EVIDENCE source_map_initialize stage=entered
spell magnitude baseline omitted=["base_critical_chance", "base_critical_extra", "fatal_chance", "armor_penetration", "elemental_pierce", "source_damage_multiplier", "source_healing_multiplier", "healing_dealt_multiplier", "armor_configuration", "combat_callbacks", "elemental_imbuement", "charms", "weapon_proficiency", "prey", "wheel_combat_mastery", "battle_healing", "blessing_of_the_grove", "healing_link", "shared_conservation", "virtue_party", "sustain_healing", "sanctuary_adjacent", "exposed_weakness", "ballistic_mastery", "target_absorb_reflect"]
SEAM_EVIDENCE spell_probe index=60 key=candidate:spell/druid_familiar selected=true caster=free_sorcerer_level1000 target=none disposition=Rejected vitals_delta=false scope=untargeted_catalog_probe gameplay_complete=false
SEAM_EVIDENCE source_map_initialize stage=entered
spell magnitude baseline omitted=["base_critical_chance", "base_critical_extra", "fatal_chance", "armor_penetration", "elemental_pierce", "source_damage_multiplier", "source_healing_multiplier", "healing_dealt_multiplier", "armor_configuration", "combat_callbacks", "elemental_imbuement", "charms", "weapon_proficiency", "prey", "wheel_combat_mastery", "battle_healing", "blessing_of_the_grove", "healing_link", "shared_conservation", "virtue_party", "sustain_healing", "sanctuary_adjacent", "exposed_weakness", "ballistic_mastery", "target_absorb_reflect"]
SEAM_EVIDENCE ordinary_combat_prepare stage=bindings
SEAM_EVIDENCE native_combat_prepare result=Rejected ordinary=true
SEAM_EVIDENCE spell_probe index=61 key=candidate:spell/electrify selected=true caster=free_sorcerer_level1000 target=none disposition=Rejected vitals_delta=false scope=untargeted_catalog_probe gameplay_complete=false
SEAM_EVIDENCE source_map_initialize stage=entered
spell magnitude baseline omitted=["base_critical_chance", "base_critical_extra", "fatal_chance", "armor_penetration", "elemental_pierce", "source_damage_multiplier", "source_healing_multiplier", "healing_dealt_multiplier", "armor_configuration", "combat_callbacks", "elemental_imbuement", "charms", "weapon_proficiency", "prey", "wheel_combat_mastery", "battle_healing", "blessing_of_the_grove", "healing_link", "shared_conservation", "virtue_party", "sustain_healing", "sanctuary_adjacent", "exposed_weakness", "ballistic_mastery", "target_absorb_reflect"]
SEAM_EVIDENCE native_combat_prepare result=Rejected ordinary=true
SEAM_EVIDENCE spell_probe index=62 key=candidate:spell/elemental_synthesis selected=true caster=free_sorcerer_level1000 target=none disposition=Rejected vitals_delta=false scope=untargeted_catalog_probe gameplay_complete=false
SEAM_EVIDENCE source_map_initialize stage=entered
spell magnitude baseline omitted=["base_critical_chance", "base_critical_extra", "fatal_chance", "armor_penetration", "elemental_pierce", "source_damage_multiplier", "source_healing_multiplier", "healing_dealt_multiplier", "armor_configuration", "combat_callbacks", "elemental_imbuement", "charms", "weapon_proficiency", "prey", "wheel_combat_mastery", "battle_healing", "blessing_of_the_grove", "healing_link", "shared_conservation", "virtue_party", "sustain_healing", "sanctuary_adjacent", "exposed_weakness", "ballistic_mastery", "target_absorb_reflect"]
SEAM_EVIDENCE ordinary_combat_prepare stage=bindings
SEAM_EVIDENCE native_combat_prepare result=Rejected ordinary=true
SEAM_EVIDENCE spell_probe index=63 key=candidate:spell/enchant_party selected=true caster=free_sorcerer_level1000 target=none disposition=Rejected vitals_delta=false scope=untargeted_catalog_probe gameplay_complete=false
SEAM_EVIDENCE source_map_initialize stage=entered
spell magnitude baseline omitted=["base_critical_chance", "base_critical_extra", "fatal_chance", "armor_penetration", "elemental_pierce", "source_damage_multiplier", "source_healing_multiplier", "healing_dealt_multiplier", "armor_configuration", "combat_callbacks", "elemental_imbuement", "charms", "weapon_proficiency", "prey", "wheel_combat_mastery", "battle_healing", "blessing_of_the_grove", "healing_link", "shared_conservation", "virtue_party", "sustain_healing", "sanctuary_adjacent", "exposed_weakness", "ballistic_mastery", "target_absorb_reflect"]
SEAM_EVIDENCE spell_probe index=64 key=candidate:spell/enchant_spear selected=true caster=free_sorcerer_level1000 target=none disposition=NotAvailable vitals_delta=false scope=untargeted_catalog_probe gameplay_complete=false
SEAM_EVIDENCE source_map_initialize stage=entered
SEAM_EVIDENCE source_map_initialize stage=entered
spell magnitude baseline omitted=["base_critical_chance", "base_critical_extra", "fatal_chance", "armor_penetration", "elemental_pierce", "source_damage_multiplier", "source_healing_multiplier", "healing_dealt_multiplier", "armor_configuration", "combat_callbacks", "elemental_imbuement", "charms", "weapon_proficiency", "prey", "wheel_combat_mastery", "battle_healing", "blessing_of_the_grove", "healing_link", "shared_conservation", "virtue_party", "sustain_healing", "sanctuary_adjacent", "exposed_weakness", "ballistic_mastery", "target_absorb_reflect"]
SEAM_EVIDENCE spell_probe index=65 key=candidate:spell/enchant_staff selected=true caster=free_sorcerer_level1000 target=none disposition=NotAvailable vitals_delta=false scope=untargeted_catalog_probe gameplay_complete=false
SEAM_EVIDENCE source_map_initialize stage=entered
spell magnitude baseline omitted=["base_critical_chance", "base_critical_extra", "fatal_chance", "armor_penetration", "elemental_pierce", "source_damage_multiplier", "source_healing_multiplier", "healing_dealt_multiplier", "armor_configuration", "combat_callbacks", "elemental_imbuement", "charms", "weapon_proficiency", "prey", "wheel_combat_mastery", "battle_healing", "blessing_of_the_grove", "healing_link", "shared_conservation", "virtue_party", "sustain_healing", "sanctuary_adjacent", "exposed_weakness", "ballistic_mastery", "target_absorb_reflect"]
SEAM_EVIDENCE native_combat_prepare result=Rejected ordinary=false
SEAM_EVIDENCE source_map_initialize stage=entered
SEAM_EVIDENCE spell_probe index=66 key=candidate:spell/energy_beam selected=true caster=free_sorcerer_level1000 target=none disposition=Rejected vitals_delta=false scope=untargeted_catalog_probe gameplay_complete=false
SEAM_EVIDENCE source_map_initialize stage=entered
spell magnitude baseline omitted=["base_critical_chance", "base_critical_extra", "fatal_chance", "armor_penetration", "elemental_pierce", "source_damage_multiplier", "source_healing_multiplier", "healing_dealt_multiplier", "armor_configuration", "combat_callbacks", "elemental_imbuement", "charms", "weapon_proficiency", "prey", "wheel_combat_mastery", "battle_healing", "blessing_of_the_grove", "healing_link", "shared_conservation", "virtue_party", "sustain_healing", "sanctuary_adjacent", "exposed_weakness", "ballistic_mastery", "target_absorb_reflect"]
SEAM_EVIDENCE spell_probe index=67 key=candidate:spell/energy_bomb_rune selected=true caster=free_sorcerer_level1000 target=none disposition=NotAvailable vitals_delta=false scope=untargeted_catalog_probe gameplay_complete=false
SEAM_EVIDENCE source_map_initialize stage=entered
spell magnitude baseline omitted=["base_critical_chance", "base_critical_extra", "fatal_chance", "armor_penetration", "elemental_pierce", "source_damage_multiplier", "source_healing_multiplier", "healing_dealt_multiplier", "armor_configuration", "combat_callbacks", "elemental_imbuement", "charms", "weapon_proficiency", "prey", "wheel_combat_mastery", "battle_healing", "blessing_of_the_grove", "healing_link", "shared_conservation", "virtue_party", "sustain_healing", "sanctuary_adjacent", "exposed_weakness", "ballistic_mastery", "target_absorb_reflect"]
SEAM_EVIDENCE spell_probe index=68 key=candidate:spell/energy_field_rune selected=true caster=free_sorcerer_level1000 target=none disposition=Rejected vitals_delta=false scope=untargeted_catalog_probe gameplay_complete=false
SEAM_EVIDENCE source_map_initialize stage=entered
spell magnitude baseline omitted=["base_critical_chance", "base_critical_extra", "fatal_chance", "armor_penetration", "elemental_pierce", "source_damage_multiplier", "source_healing_multiplier", "healing_dealt_multiplier", "armor_configuration", "combat_callbacks", "elemental_imbuement", "charms", "weapon_proficiency", "prey", "wheel_combat_mastery", "battle_healing", "blessing_of_the_grove", "healing_link", "shared_conservation", "virtue_party", "sustain_healing", "sanctuary_adjacent", "exposed_weakness", "ballistic_mastery", "target_absorb_reflect"]
SEAM_EVIDENCE ordinary_combat_prepare stage=bindings
SEAM_EVIDENCE ordinary_combat_prepare stage=caster_qualified
SEAM_EVIDENCE ordinary_combat_prepare stage=tile_reads
SEAM_EVIDENCE ordinary_combat_prepare stage=tiles_qualified
SEAM_EVIDENCE ordinary_combat_preview operational_target=false position_target=false direction=true protection=false needs_target=false target_or_direction=true
SEAM_EVIDENCE ordinary_combat_preview caster_state pending_training=false level=1000 owned_magic=Ok(1) qualified_level=1000 qualified_magic=1 vocation_matches=true
SEAM_EVIDENCE ordinary_combat_prepare stage=paid_preview_qualified
SEAM_EVIDENCE ordinary_combat_lower stage=applications_qualified applications=0 geometry=1
SEAM_EVIDENCE ordinary_combat_lower stage=presentation_prepare cues=1 applications=0 magnitude_hits=0
SEAM_EVIDENCE ordinary_combat_prepare stage=lower_preview_qualified
SEAM_EVIDENCE ordinary_combat_lower stage=applications_qualified applications=0 geometry=1
SEAM_EVIDENCE ordinary_combat_lower stage=presentation_prepare cues=1 applications=0 magnitude_hits=0
spell magnitude baseline omitted=["base_critical_chance", "base_critical_extra", "fatal_chance", "armor_penetration", "elemental_pierce", "source_damage_multiplier", "source_healing_multiplier", "healing_dealt_multiplier", "armor_configuration", "combat_callbacks", "elemental_imbuement", "charms", "weapon_proficiency", "prey", "wheel_combat_mastery", "battle_healing", "blessing_of_the_grove", "healing_link", "shared_conservation", "virtue_party", "sustain_healing", "sanctuary_adjacent", "exposed_weakness", "ballistic_mastery", "target_absorb_reflect"]
SEAM_EVIDENCE source_map_initialize stage=entered
SEAM_EVIDENCE spell_probe index=69 key=candidate:spell/energy_strike selected=true caster=free_sorcerer_level1000 target=none disposition=Cast vitals_delta=true scope=untargeted_catalog_probe gameplay_complete=false
SEAM_EVIDENCE source_map_initialize stage=entered
spell magnitude baseline omitted=["base_critical_chance", "base_critical_extra", "fatal_chance", "armor_penetration", "elemental_pierce", "source_damage_multiplier", "source_healing_multiplier", "healing_dealt_multiplier", "armor_configuration", "combat_callbacks", "elemental_imbuement", "charms", "weapon_proficiency", "prey", "wheel_combat_mastery", "battle_healing", "blessing_of_the_grove", "healing_link", "shared_conservation", "virtue_party", "sustain_healing", "sanctuary_adjacent", "exposed_weakness", "ballistic_mastery", "target_absorb_reflect"]
SEAM_EVIDENCE spell_probe index=70 key=candidate:spell/energy_wall_rune selected=true caster=free_sorcerer_level1000 target=none disposition=Rejected vitals_delta=false scope=untargeted_catalog_probe gameplay_complete=false
SEAM_EVIDENCE source_map_initialize stage=entered
spell magnitude baseline omitted=["base_critical_chance", "base_critical_extra", "fatal_chance", "armor_penetration", "elemental_pierce", "source_damage_multiplier", "source_healing_multiplier", "healing_dealt_multiplier", "armor_configuration", "combat_callbacks", "elemental_imbuement", "charms", "weapon_proficiency", "prey", "wheel_combat_mastery", "battle_healing", "blessing_of_the_grove", "healing_link", "shared_conservation", "virtue_party", "sustain_healing", "sanctuary_adjacent", "exposed_weakness", "ballistic_mastery", "target_absorb_reflect"]
SEAM_EVIDENCE native_combat_prepare result=Rejected ordinary=false
SEAM_EVIDENCE spell_probe index=71 key=candidate:spell/energy_wave selected=true caster=free_sorcerer_level1000 target=none disposition=Rejected vitals_delta=false scope=untargeted_catalog_probe gameplay_complete=false
SEAM_EVIDENCE source_map_initialize stage=entered
spell magnitude baseline omitted=["base_critical_chance", "base_critical_extra", "fatal_chance", "armor_penetration", "elemental_pierce", "source_damage_multiplier", "source_healing_multiplier", "healing_dealt_multiplier", "armor_configuration", "combat_callbacks", "elemental_imbuement", "charms", "weapon_proficiency", "prey", "wheel_combat_mastery", "battle_healing", "blessing_of_the_grove", "healing_link", "shared_conservation", "virtue_party", "sustain_healing", "sanctuary_adjacent", "exposed_weakness", "ballistic_mastery", "target_absorb_reflect"]
SEAM_EVIDENCE ordinary_combat_prepare stage=bindings
SEAM_EVIDENCE native_combat_prepare result=Rejected ordinary=true
SEAM_EVIDENCE spell_probe index=72 key=candidate:spell/enlighten_party selected=true caster=free_sorcerer_level1000 target=none disposition=Rejected vitals_delta=false scope=untargeted_catalog_probe gameplay_complete=false
SEAM_EVIDENCE source_map_initialize stage=entered
spell magnitude baseline omitted=["base_critical_chance", "base_critical_extra", "fatal_chance", "armor_penetration", "elemental_pierce", "source_damage_multiplier", "source_healing_multiplier", "healing_dealt_multiplier", "armor_configuration", "combat_callbacks", "elemental_imbuement", "charms", "weapon_proficiency", "prey", "wheel_combat_mastery", "battle_healing", "blessing_of_the_grove", "healing_link", "shared_conservation", "virtue_party", "sustain_healing", "sanctuary_adjacent", "exposed_weakness", "ballistic_mastery", "target_absorb_reflect"]
SEAM_EVIDENCE ordinary_combat_prepare stage=bindings
SEAM_EVIDENCE native_combat_prepare result=Rejected ordinary=true
SEAM_EVIDENCE spell_probe index=73 key=candidate:spell/envenom selected=true caster=free_sorcerer_level1000 target=none disposition=Rejected vitals_delta=false scope=untargeted_catalog_probe gameplay_complete=false
SEAM_EVIDENCE source_map_initialize stage=entered
spell magnitude baseline omitted=["base_critical_chance", "base_critical_extra", "fatal_chance", "armor_penetration", "elemental_pierce", "source_damage_multiplier", "source_healing_multiplier", "healing_dealt_multiplier", "armor_configuration", "combat_callbacks", "elemental_imbuement", "charms", "weapon_proficiency", "prey", "wheel_combat_mastery", "battle_healing", "blessing_of_the_grove", "healing_link", "shared_conservation", "virtue_party", "sustain_healing", "sanctuary_adjacent", "exposed_weakness", "ballistic_mastery", "target_absorb_reflect"]
SEAM_EVIDENCE ordinary_combat_prepare stage=bindings
SEAM_EVIDENCE native_combat_prepare result=Rejected ordinary=true
SEAM_EVIDENCE source_map_initialize stage=entered
SEAM_EVIDENCE spell_probe index=74 key=candidate:spell/eternal_winter selected=true caster=free_sorcerer_level1000 target=none disposition=Rejected vitals_delta=false scope=untargeted_catalog_probe gameplay_complete=false
SEAM_EVIDENCE source_map_initialize stage=entered
spell magnitude baseline omitted=["base_critical_chance", "base_critical_extra", "fatal_chance", "armor_penetration", "elemental_pierce", "source_damage_multiplier", "source_healing_multiplier", "healing_dealt_multiplier", "armor_configuration", "combat_callbacks", "elemental_imbuement", "charms", "weapon_proficiency", "prey", "wheel_combat_mastery", "battle_healing", "blessing_of_the_grove", "healing_link", "shared_conservation", "virtue_party", "sustain_healing", "sanctuary_adjacent", "exposed_weakness", "ballistic_mastery", "target_absorb_reflect"]
SEAM_EVIDENCE ordinary_combat_prepare stage=bindings
SEAM_EVIDENCE native_combat_prepare result=Rejected ordinary=true
SEAM_EVIDENCE spell_probe index=75 key=candidate:spell/ethereal_barrage selected=true caster=free_sorcerer_level1000 target=none disposition=Rejected vitals_delta=false scope=untargeted_catalog_probe gameplay_complete=false
SEAM_EVIDENCE source_map_initialize stage=entered
spell magnitude baseline omitted=["base_critical_chance", "base_critical_extra", "fatal_chance", "armor_penetration", "elemental_pierce", "source_damage_multiplier", "source_healing_multiplier", "healing_dealt_multiplier", "armor_configuration", "combat_callbacks", "elemental_imbuement", "charms", "weapon_proficiency", "prey", "wheel_combat_mastery", "battle_healing", "blessing_of_the_grove", "healing_link", "shared_conservation", "virtue_party", "sustain_healing", "sanctuary_adjacent", "exposed_weakness", "ballistic_mastery", "target_absorb_reflect"]
SEAM_EVIDENCE ordinary_combat_prepare stage=bindings
SEAM_EVIDENCE native_combat_prepare result=Rejected ordinary=true
SEAM_EVIDENCE spell_probe index=76 key=candidate:spell/ethereal_spear selected=true caster=free_sorcerer_level1000 target=none disposition=Rejected vitals_delta=false scope=untargeted_catalog_probe gameplay_complete=false
SEAM_EVIDENCE source_map_initialize stage=entered
spell magnitude baseline omitted=["base_critical_chance", "base_critical_extra", "fatal_chance", "armor_penetration", "elemental_pierce", "source_damage_multiplier", "source_healing_multiplier", "healing_dealt_multiplier", "armor_configuration", "combat_callbacks", "elemental_imbuement", "charms", "weapon_proficiency", "prey", "wheel_combat_mastery", "battle_healing", "blessing_of_the_grove", "healing_link", "shared_conservation", "virtue_party", "sustain_healing", "sanctuary_adjacent", "exposed_weakness", "ballistic_mastery", "target_absorb_reflect"]
SEAM_EVIDENCE native_combat_prepare result=Rejected ordinary=false
SEAM_EVIDENCE spell_probe index=77 key=candidate:spell/executioner_s_throw selected=true caster=free_sorcerer_level1000 target=none disposition=Rejected vitals_delta=false scope=untargeted_catalog_probe gameplay_complete=false
SEAM_EVIDENCE source_map_initialize stage=entered
spell magnitude baseline omitted=["base_critical_chance", "base_critical_extra", "fatal_chance", "armor_penetration", "elemental_pierce", "source_damage_multiplier", "source_healing_multiplier", "healing_dealt_multiplier", "armor_configuration", "combat_callbacks", "elemental_imbuement", "charms", "weapon_proficiency", "prey", "wheel_combat_mastery", "battle_healing", "blessing_of_the_grove", "healing_link", "shared_conservation", "virtue_party", "sustain_healing", "sanctuary_adjacent", "exposed_weakness", "ballistic_mastery", "target_absorb_reflect"]
SEAM_EVIDENCE spell_probe index=78 key=candidate:spell/explosion_rune selected=true caster=free_sorcerer_level1000 target=none disposition=Rejected vitals_delta=false scope=untargeted_catalog_probe gameplay_complete=false
SEAM_EVIDENCE source_map_initialize stage=entered
spell magnitude baseline omitted=["base_critical_chance", "base_critical_extra", "fatal_chance", "armor_penetration", "elemental_pierce", "source_damage_multiplier", "source_healing_multiplier", "healing_dealt_multiplier", "armor_configuration", "combat_callbacks", "elemental_imbuement", "charms", "weapon_proficiency", "prey", "wheel_combat_mastery", "battle_healing", "blessing_of_the_grove", "healing_link", "shared_conservation", "virtue_party", "sustain_healing", "sanctuary_adjacent", "exposed_weakness", "ballistic_mastery", "target_absorb_reflect"]
SEAM_EVIDENCE native_combat_prepare result=Rejected ordinary=true
SEAM_EVIDENCE source_map_initialize stage=entered
SEAM_EVIDENCE spell_probe index=79 key=candidate:spell/fair_wound_cleansing selected=true caster=free_sorcerer_level1000 target=none disposition=Rejected vitals_delta=false scope=untargeted_catalog_probe gameplay_complete=false
SEAM_EVIDENCE source_map_initialize stage=entered
spell magnitude baseline omitted=["base_critical_chance", "base_critical_extra", "fatal_chance", "armor_penetration", "elemental_pierce", "source_damage_multiplier", "source_healing_multiplier", "healing_dealt_multiplier", "armor_configuration", "combat_callbacks", "elemental_imbuement", "charms", "weapon_proficiency", "prey", "wheel_combat_mastery", "battle_healing", "blessing_of_the_grove", "healing_link", "shared_conservation", "virtue_party", "sustain_healing", "sanctuary_adjacent", "exposed_weakness", "ballistic_mastery", "target_absorb_reflect"]
SEAM_EVIDENCE ordinary_combat_prepare stage=bindings
SEAM_EVIDENCE native_combat_prepare result=Rejected ordinary=true
SEAM_EVIDENCE spell_probe index=80 key=candidate:spell/fierce_berserk selected=true caster=free_sorcerer_level1000 target=none disposition=Rejected vitals_delta=false scope=untargeted_catalog_probe gameplay_complete=false
SEAM_EVIDENCE source_map_initialize stage=entered
SEAM_EVIDENCE spell_probe index=81 key=candidate:spell/find_fiend selected=true caster=free_sorcerer_level1000 target=none disposition=Rejected vitals_delta=false scope=untargeted_catalog_probe gameplay_complete=false
SEAM_EVIDENCE source_map_initialize stage=entered
SEAM_EVIDENCE spell_probe index=82 key=candidate:spell/find_person selected=true caster=free_sorcerer_level1000 target=none disposition=Rejected vitals_delta=false scope=untargeted_catalog_probe gameplay_complete=false
SEAM_EVIDENCE source_map_initialize stage=entered
spell magnitude baseline omitted=["base_critical_chance", "base_critical_extra", "fatal_chance", "armor_penetration", "elemental_pierce", "source_damage_multiplier", "source_healing_multiplier", "healing_dealt_multiplier", "armor_configuration", "combat_callbacks", "elemental_imbuement", "charms", "weapon_proficiency", "prey", "wheel_combat_mastery", "battle_healing", "blessing_of_the_grove", "healing_link", "shared_conservation", "virtue_party", "sustain_healing", "sanctuary_adjacent", "exposed_weakness", "ballistic_mastery", "target_absorb_reflect"]
SEAM_EVIDENCE spell_probe index=83 key=candidate:spell/fire_bomb_rune selected=true caster=free_sorcerer_level1000 target=none disposition=Rejected vitals_delta=false scope=untargeted_catalog_probe gameplay_complete=false
SEAM_EVIDENCE source_map_initialize stage=entered
spell magnitude baseline omitted=["base_critical_chance", "base_critical_extra", "fatal_chance", "armor_penetration", "elemental_pierce", "source_damage_multiplier", "source_healing_multiplier", "healing_dealt_multiplier", "armor_configuration", "combat_callbacks", "elemental_imbuement", "charms", "weapon_proficiency", "prey", "wheel_combat_mastery", "battle_healing", "blessing_of_the_grove", "healing_link", "shared_conservation", "virtue_party", "sustain_healing", "sanctuary_adjacent", "exposed_weakness", "ballistic_mastery", "target_absorb_reflect"]
SEAM_EVIDENCE source_map_initialize stage=entered
SEAM_EVIDENCE spell_probe index=84 key=candidate:spell/fire_field_rune selected=true caster=free_sorcerer_level1000 target=none disposition=Rejected vitals_delta=false scope=untargeted_catalog_probe gameplay_complete=false
SEAM_EVIDENCE source_map_initialize stage=entered
spell magnitude baseline omitted=["base_critical_chance", "base_critical_extra", "fatal_chance", "armor_penetration", "elemental_pierce", "source_damage_multiplier", "source_healing_multiplier", "healing_dealt_multiplier", "armor_configuration", "combat_callbacks", "elemental_imbuement", "charms", "weapon_proficiency", "prey", "wheel_combat_mastery", "battle_healing", "blessing_of_the_grove", "healing_link", "shared_conservation", "virtue_party", "sustain_healing", "sanctuary_adjacent", "exposed_weakness", "ballistic_mastery", "target_absorb_reflect"]
SEAM_EVIDENCE spell_probe index=85 key=candidate:spell/fire_wall_rune selected=true caster=free_sorcerer_level1000 target=none disposition=Rejected vitals_delta=false scope=untargeted_catalog_probe gameplay_complete=false
SEAM_EVIDENCE source_map_initialize stage=entered
spell magnitude baseline omitted=["base_critical_chance", "base_critical_extra", "fatal_chance", "armor_penetration", "elemental_pierce", "source_damage_multiplier", "source_healing_multiplier", "healing_dealt_multiplier", "armor_configuration", "combat_callbacks", "elemental_imbuement", "charms", "weapon_proficiency", "prey", "wheel_combat_mastery", "battle_healing", "blessing_of_the_grove", "healing_link", "shared_conservation", "virtue_party", "sustain_healing", "sanctuary_adjacent", "exposed_weakness", "ballistic_mastery", "target_absorb_reflect"]
SEAM_EVIDENCE ordinary_combat_prepare stage=bindings
SEAM_EVIDENCE ordinary_combat_prepare stage=caster_qualified
SEAM_EVIDENCE ordinary_combat_prepare stage=tile_reads
SEAM_EVIDENCE ordinary_combat_prepare stage=tiles_qualified
SEAM_EVIDENCE ordinary_combat_preview operational_target=false position_target=false direction=true protection=false needs_target=false target_or_direction=false
SEAM_EVIDENCE ordinary_combat_preview caster_state pending_training=false level=1000 owned_magic=Ok(1) qualified_level=1000 qualified_magic=1 vocation_matches=true
SEAM_EVIDENCE ordinary_combat_prepare stage=paid_preview_refused reason=CoolingDown
SEAM_EVIDENCE native_combat_prepare result=CoolingDown ordinary=true
SEAM_EVIDENCE spell_probe index=86 key=candidate:spell/fire_wave selected=true caster=free_sorcerer_level1000 target=none disposition=CoolingDown vitals_delta=false scope=untargeted_catalog_probe gameplay_complete=false
SEAM_EVIDENCE source_map_initialize stage=entered
spell magnitude baseline omitted=["base_critical_chance", "base_critical_extra", "fatal_chance", "armor_penetration", "elemental_pierce", "source_damage_multiplier", "source_healing_multiplier", "healing_dealt_multiplier", "armor_configuration", "combat_callbacks", "elemental_imbuement", "charms", "weapon_proficiency", "prey", "wheel_combat_mastery", "battle_healing", "blessing_of_the_grove", "healing_link", "shared_conservation", "virtue_party", "sustain_healing", "sanctuary_adjacent", "exposed_weakness", "ballistic_mastery", "target_absorb_reflect"]
SEAM_EVIDENCE spell_probe index=87 key=candidate:spell/fireball_rune selected=true caster=free_sorcerer_level1000 target=none disposition=NotAvailable vitals_delta=false scope=untargeted_catalog_probe gameplay_complete=false
SEAM_EVIDENCE source_map_initialize stage=entered
spell magnitude baseline omitted=["base_critical_chance", "base_critical_extra", "fatal_chance", "armor_penetration", "elemental_pierce", "source_damage_multiplier", "source_healing_multiplier", "healing_dealt_multiplier", "armor_configuration", "combat_callbacks", "elemental_imbuement", "charms", "weapon_proficiency", "prey", "wheel_combat_mastery", "battle_healing", "blessing_of_the_grove", "healing_link", "shared_conservation", "virtue_party", "sustain_healing", "sanctuary_adjacent", "exposed_weakness", "ballistic_mastery", "target_absorb_reflect"]
SEAM_EVIDENCE ordinary_combat_prepare stage=bindings
SEAM_EVIDENCE ordinary_combat_prepare stage=caster_qualified
SEAM_EVIDENCE ordinary_combat_prepare stage=tile_reads
SEAM_EVIDENCE ordinary_combat_prepare stage=tiles_qualified
SEAM_EVIDENCE ordinary_combat_preview operational_target=false position_target=false direction=true protection=false needs_target=false target_or_direction=true
SEAM_EVIDENCE ordinary_combat_preview caster_state pending_training=false level=1000 owned_magic=Ok(1) qualified_level=1000 qualified_magic=1 vocation_matches=true
SEAM_EVIDENCE ordinary_combat_prepare stage=paid_preview_refused reason=CoolingDown
SEAM_EVIDENCE native_combat_prepare result=CoolingDown ordinary=true
SEAM_EVIDENCE spell_probe index=88 key=candidate:spell/flame_strike selected=true caster=free_sorcerer_level1000 target=none disposition=CoolingDown vitals_delta=false scope=untargeted_catalog_probe gameplay_complete=false
SEAM_EVIDENCE source_map_initialize stage=entered
SEAM_EVIDENCE spell_probe index=89 key=candidate:spell/flurry_of_blows selected=true caster=free_sorcerer_level1000 target=none disposition=CoolingDown vitals_delta=false scope=untargeted_catalog_probe gameplay_complete=false
SEAM_EVIDENCE source_map_initialize stage=entered
SEAM_EVIDENCE source_map_initialize stage=entered
spell magnitude baseline omitted=["base_critical_chance", "base_critical_extra", "fatal_chance", "armor_penetration", "elemental_pierce", "source_damage_multiplier", "source_healing_multiplier", "healing_dealt_multiplier", "armor_configuration", "combat_callbacks", "elemental_imbuement", "charms", "weapon_proficiency", "prey", "wheel_combat_mastery", "battle_healing", "blessing_of_the_grove", "healing_link", "shared_conservation", "virtue_party", "sustain_healing", "sanctuary_adjacent", "exposed_weakness", "ballistic_mastery", "target_absorb_reflect"]
SEAM_EVIDENCE native_combat_prepare result=Rejected ordinary=false
SEAM_EVIDENCE spell_probe index=90 key=candidate:spell/focus_harmony selected=true caster=free_sorcerer_level1000 target=none disposition=Rejected vitals_delta=false scope=untargeted_catalog_probe gameplay_complete=false
SEAM_EVIDENCE source_map_initialize stage=entered
spell magnitude baseline omitted=["base_critical_chance", "base_critical_extra", "fatal_chance", "armor_penetration", "elemental_pierce", "source_damage_multiplier", "source_healing_multiplier", "healing_dealt_multiplier", "armor_configuration", "combat_callbacks", "elemental_imbuement", "charms", "weapon_proficiency", "prey", "wheel_combat_mastery", "battle_healing", "blessing_of_the_grove", "healing_link", "shared_conservation", "virtue_party", "sustain_healing", "sanctuary_adjacent", "exposed_weakness", "ballistic_mastery", "target_absorb_reflect"]
SEAM_EVIDENCE native_combat_prepare result=Rejected ordinary=false
SEAM_EVIDENCE spell_probe index=91 key=candidate:spell/focus_serenity selected=true caster=free_sorcerer_level1000 target=none disposition=Rejected vitals_delta=false scope=untargeted_catalog_probe gameplay_complete=false
SEAM_EVIDENCE source_map_initialize stage=entered
spell magnitude baseline omitted=["base_critical_chance", "base_critical_extra", "fatal_chance", "armor_penetration", "elemental_pierce", "source_damage_multiplier", "source_healing_multiplier", "healing_dealt_multiplier", "armor_configuration", "combat_callbacks", "elemental_imbuement", "charms", "weapon_proficiency", "prey", "wheel_combat_mastery", "battle_healing", "blessing_of_the_grove", "healing_link", "shared_conservation", "virtue_party", "sustain_healing", "sanctuary_adjacent", "exposed_weakness", "ballistic_mastery", "target_absorb_reflect"]
SEAM_EVIDENCE spell_probe index=92 key=candidate:spell/food selected=true caster=free_sorcerer_level1000 target=none disposition=NotAvailable vitals_delta=false scope=untargeted_catalog_probe gameplay_complete=false
SEAM_EVIDENCE source_map_initialize stage=entered
spell magnitude baseline omitted=["base_critical_chance", "base_critical_extra", "fatal_chance", "armor_penetration", "elemental_pierce", "source_damage_multiplier", "source_healing_multiplier", "healing_dealt_multiplier", "armor_configuration", "combat_callbacks", "elemental_imbuement", "charms", "weapon_proficiency", "prey", "wheel_combat_mastery", "battle_healing", "blessing_of_the_grove", "healing_link", "shared_conservation", "virtue_party", "sustain_healing", "sanctuary_adjacent", "exposed_weakness", "ballistic_mastery", "target_absorb_reflect"]
SEAM_EVIDENCE ordinary_combat_prepare stage=bindings
SEAM_EVIDENCE native_combat_prepare result=Rejected ordinary=true
SEAM_EVIDENCE spell_probe index=93 key=candidate:spell/forceful_uppercut selected=true caster=free_sorcerer_level1000 target=none disposition=Rejected vitals_delta=false scope=untargeted_catalog_probe gameplay_complete=false
SEAM_EVIDENCE source_map_initialize stage=entered
spell magnitude baseline omitted=["base_critical_chance", "base_critical_extra", "fatal_chance", "armor_penetration", "elemental_pierce", "source_damage_multiplier", "source_healing_multiplier", "healing_dealt_multiplier", "armor_configuration", "combat_callbacks", "elemental_imbuement", "charms", "weapon_proficiency", "prey", "wheel_combat_mastery", "battle_healing", "blessing_of_the_grove", "healing_link", "shared_conservation", "virtue_party", "sustain_healing", "sanctuary_adjacent", "exposed_weakness", "ballistic_mastery", "target_absorb_reflect"]
SEAM_EVIDENCE ordinary_combat_prepare stage=bindings
SEAM_EVIDENCE native_combat_prepare result=Rejected ordinary=true
SEAM_EVIDENCE source_map_initialize stage=entered
SEAM_EVIDENCE spell_probe index=94 key=candidate:spell/forked_glacier selected=true caster=free_sorcerer_level1000 target=none disposition=Rejected vitals_delta=false scope=untargeted_catalog_probe gameplay_complete=false
SEAM_EVIDENCE source_map_initialize stage=entered
spell magnitude baseline omitted=["base_critical_chance", "base_critical_extra", "fatal_chance", "armor_penetration", "elemental_pierce", "source_damage_multiplier", "source_healing_multiplier", "healing_dealt_multiplier", "armor_configuration", "combat_callbacks", "elemental_imbuement", "charms", "weapon_proficiency", "prey", "wheel_combat_mastery", "battle_healing", "blessing_of_the_grove", "healing_link", "shared_conservation", "virtue_party", "sustain_healing", "sanctuary_adjacent", "exposed_weakness", "ballistic_mastery", "target_absorb_reflect"]
SEAM_EVIDENCE ordinary_combat_prepare stage=bindings
SEAM_EVIDENCE native_combat_prepare result=Rejected ordinary=true
SEAM_EVIDENCE spell_probe index=95 key=candidate:spell/forked_thorns selected=true caster=free_sorcerer_level1000 target=none disposition=Rejected vitals_delta=false scope=untargeted_catalog_probe gameplay_complete=false
SEAM_EVIDENCE source_map_initialize stage=entered
spell magnitude baseline omitted=["base_critical_chance", "base_critical_extra", "fatal_chance", "armor_penetration", "elemental_pierce", "source_damage_multiplier", "source_healing_multiplier", "healing_dealt_multiplier", "armor_configuration", "combat_callbacks", "elemental_imbuement", "charms", "weapon_proficiency", "prey", "wheel_combat_mastery", "battle_healing", "blessing_of_the_grove", "healing_link", "shared_conservation", "virtue_party", "sustain_healing", "sanctuary_adjacent", "exposed_weakness", "ballistic_mastery", "target_absorb_reflect"]
SEAM_EVIDENCE native_combat_prepare result=Rejected ordinary=false
SEAM_EVIDENCE spell_probe index=96 key=candidate:spell/front_sweep selected=true caster=free_sorcerer_level1000 target=none disposition=Rejected vitals_delta=false scope=untargeted_catalog_probe gameplay_complete=false
SEAM_EVIDENCE source_map_initialize stage=entered
spell magnitude baseline omitted=["base_critical_chance", "base_critical_extra", "fatal_chance", "armor_penetration", "elemental_pierce", "source_damage_multiplier", "source_healing_multiplier", "healing_dealt_multiplier", "armor_configuration", "combat_callbacks", "elemental_imbuement", "charms", "weapon_proficiency", "prey", "wheel_combat_mastery", "battle_healing", "blessing_of_the_grove", "healing_link", "shared_conservation", "virtue_party", "sustain_healing", "sanctuary_adjacent", "exposed_weakness", "ballistic_mastery", "target_absorb_reflect"]
SEAM_EVIDENCE ordinary_combat_prepare stage=bindings
SEAM_EVIDENCE native_combat_prepare result=Rejected ordinary=true
SEAM_EVIDENCE spell_probe index=97 key=candidate:spell/great_death_beam selected=true caster=free_sorcerer_level1000 target=none disposition=Rejected vitals_delta=false scope=untargeted_catalog_probe gameplay_complete=false
SEAM_EVIDENCE source_map_initialize stage=entered
spell magnitude baseline omitted=["base_critical_chance", "base_critical_extra", "fatal_chance", "armor_penetration", "elemental_pierce", "source_damage_multiplier", "source_healing_multiplier", "healing_dealt_multiplier", "armor_configuration", "combat_callbacks", "elemental_imbuement", "charms", "weapon_proficiency", "prey", "wheel_combat_mastery", "battle_healing", "blessing_of_the_grove", "healing_link", "shared_conservation", "virtue_party", "sustain_healing", "sanctuary_adjacent", "exposed_weakness", "ballistic_mastery", "target_absorb_reflect"]
SEAM_EVIDENCE native_combat_prepare result=Rejected ordinary=false
SEAM_EVIDENCE spell_probe index=98 key=candidate:spell/great_energy_beam selected=true caster=free_sorcerer_level1000 target=none disposition=Rejected vitals_delta=false scope=untargeted_catalog_probe gameplay_complete=false
SEAM_EVIDENCE source_map_initialize stage=entered
SEAM_EVIDENCE source_map_initialize stage=entered
spell magnitude baseline omitted=["base_critical_chance", "base_critical_extra", "fatal_chance", "armor_penetration", "elemental_pierce", "source_damage_multiplier", "source_healing_multiplier", "healing_dealt_multiplier", "armor_configuration", "combat_callbacks", "elemental_imbuement", "charms", "weapon_proficiency", "prey", "wheel_combat_mastery", "battle_healing", "blessing_of_the_grove", "healing_link", "shared_conservation", "virtue_party", "sustain_healing", "sanctuary_adjacent", "exposed_weakness", "ballistic_mastery", "target_absorb_reflect"]
SEAM_EVIDENCE ordinary_combat_prepare stage=bindings
SEAM_EVIDENCE native_combat_prepare result=Rejected ordinary=true
SEAM_EVIDENCE spell_probe index=99 key=candidate:spell/great_fire_wave selected=true caster=free_sorcerer_level1000 target=none disposition=Rejected vitals_delta=false scope=untargeted_catalog_probe gameplay_complete=false
SEAM_EVIDENCE source_map_initialize stage=entered
spell magnitude baseline omitted=["base_critical_chance", "base_critical_extra", "fatal_chance", "armor_penetration", "elemental_pierce", "source_damage_multiplier", "source_healing_multiplier", "healing_dealt_multiplier", "armor_configuration", "combat_callbacks", "elemental_imbuement", "charms", "weapon_proficiency", "prey", "wheel_combat_mastery", "battle_healing", "blessing_of_the_grove", "healing_link", "shared_conservation", "virtue_party", "sustain_healing", "sanctuary_adjacent", "exposed_weakness", "ballistic_mastery", "target_absorb_reflect"]
SEAM_EVIDENCE spell_probe index=100 key=candidate:spell/great_fireball_rune selected=true caster=free_sorcerer_level1000 target=none disposition=Rejected vitals_delta=false scope=untargeted_catalog_probe gameplay_complete=false
SEAM_EVIDENCE source_map_initialize stage=entered
spell magnitude baseline omitted=["base_critical_chance", "base_critical_extra", "fatal_chance", "armor_penetration", "elemental_pierce", "source_damage_multiplier", "source_healing_multiplier", "healing_dealt_multiplier", "armor_configuration", "combat_callbacks", "elemental_imbuement", "charms", "weapon_proficiency", "prey", "wheel_combat_mastery", "battle_healing", "blessing_of_the_grove", "healing_link", "shared_conservation", "virtue_party", "sustain_healing", "sanctuary_adjacent", "exposed_weakness", "ballistic_mastery", "target_absorb_reflect"]
SEAM_EVIDENCE source_self_prepare stage=tile_qualified
SEAM_EVIDENCE source_self_prepare stage=preview_training_qualified
spell magnitude baseline omitted=["base_critical_chance", "base_critical_extra", "fatal_chance", "armor_penetration", "elemental_pierce", "source_damage_multiplier", "source_healing_multiplier", "healing_dealt_multiplier", "armor_configuration", "combat_callbacks", "elemental_imbuement", "charms", "weapon_proficiency", "prey", "wheel_combat_mastery", "battle_healing", "blessing_of_the_grove", "healing_link", "shared_conservation", "virtue_party", "sustain_healing", "sanctuary_adjacent", "exposed_weakness", "ballistic_mastery", "target_absorb_reflect"]
SEAM_EVIDENCE source_map_initialize stage=entered
SEAM_EVIDENCE spell_probe index=101 key=candidate:spell/great_light selected=true caster=free_sorcerer_level1000 target=none disposition=Cast vitals_delta=true scope=untargeted_catalog_probe gameplay_complete=false
SEAM_EVIDENCE source_map_initialize stage=entered
spell magnitude baseline omitted=["base_critical_chance", "base_critical_extra", "fatal_chance", "armor_penetration", "elemental_pierce", "source_damage_multiplier", "source_healing_multiplier", "healing_dealt_multiplier", "armor_configuration", "combat_callbacks", "elemental_imbuement", "charms", "weapon_proficiency", "prey", "wheel_combat_mastery", "battle_healing", "blessing_of_the_grove", "healing_link", "shared_conservation", "virtue_party", "sustain_healing", "sanctuary_adjacent", "exposed_weakness", "ballistic_mastery", "target_absorb_reflect"]
SEAM_EVIDENCE ordinary_combat_prepare stage=bindings
SEAM_EVIDENCE native_combat_prepare result=Rejected ordinary=true
SEAM_EVIDENCE source_map_initialize stage=entered
SEAM_EVIDENCE spell_probe index=102 key=candidate:spell/greater_flurry_of_blows selected=true caster=free_sorcerer_level1000 target=none disposition=Rejected vitals_delta=false scope=untargeted_catalog_probe gameplay_complete=false
SEAM_EVIDENCE source_map_initialize stage=entered
spell magnitude baseline omitted=["base_critical_chance", "base_critical_extra", "fatal_chance", "armor_penetration", "elemental_pierce", "source_damage_multiplier", "source_healing_multiplier", "healing_dealt_multiplier", "armor_configuration", "combat_callbacks", "elemental_imbuement", "charms", "weapon_proficiency", "prey", "wheel_combat_mastery", "battle_healing", "blessing_of_the_grove", "healing_link", "shared_conservation", "virtue_party", "sustain_healing", "sanctuary_adjacent", "exposed_weakness", "ballistic_mastery", "target_absorb_reflect"]
SEAM_EVIDENCE ordinary_combat_prepare stage=bindings
SEAM_EVIDENCE native_combat_prepare result=Rejected ordinary=true
SEAM_EVIDENCE spell_probe index=103 key=candidate:spell/greater_tiger_clash selected=true caster=free_sorcerer_level1000 target=none disposition=Rejected vitals_delta=false scope=untargeted_catalog_probe gameplay_complete=false
SEAM_EVIDENCE source_map_initialize stage=entered
spell magnitude baseline omitted=["base_critical_chance", "base_critical_extra", "fatal_chance", "armor_penetration", "elemental_pierce", "source_damage_multiplier", "source_healing_multiplier", "healing_dealt_multiplier", "armor_configuration", "combat_callbacks", "elemental_imbuement", "charms", "weapon_proficiency", "prey", "wheel_combat_mastery", "battle_healing", "blessing_of_the_grove", "healing_link", "shared_conservation", "virtue_party", "sustain_healing", "sanctuary_adjacent", "exposed_weakness", "ballistic_mastery", "target_absorb_reflect"]
SEAM_EVIDENCE ordinary_combat_prepare stage=bindings
SEAM_EVIDENCE native_combat_prepare result=Rejected ordinary=true
SEAM_EVIDENCE spell_probe index=104 key=candidate:spell/groundshaker selected=true caster=free_sorcerer_level1000 target=none disposition=Rejected vitals_delta=false scope=untargeted_catalog_probe gameplay_complete=false
SEAM_EVIDENCE source_map_initialize stage=entered
spell magnitude baseline omitted=["base_critical_chance", "base_critical_extra", "fatal_chance", "armor_penetration", "elemental_pierce", "source_damage_multiplier", "source_healing_multiplier", "healing_dealt_multiplier", "armor_configuration", "combat_callbacks", "elemental_imbuement", "charms", "weapon_proficiency", "prey", "wheel_combat_mastery", "battle_healing", "blessing_of_the_grove", "healing_link", "shared_conservation", "virtue_party", "sustain_healing", "sanctuary_adjacent", "exposed_weakness", "ballistic_mastery", "target_absorb_reflect"]
SEAM_EVIDENCE source_self_prepare stage=tile_qualified
SEAM_EVIDENCE native_combat_prepare result=CoolingDown ordinary=false
SEAM_EVIDENCE spell_probe index=105 key=candidate:spell/haste selected=true caster=free_sorcerer_level1000 target=none disposition=CoolingDown vitals_delta=false scope=untargeted_catalog_probe gameplay_complete=false
SEAM_EVIDENCE source_map_initialize stage=entered
spell magnitude baseline omitted=["base_critical_chance", "base_critical_extra", "fatal_chance", "armor_penetration", "elemental_pierce", "source_damage_multiplier", "source_healing_multiplier", "healing_dealt_multiplier", "armor_configuration", "combat_callbacks", "elemental_imbuement", "charms", "weapon_proficiency", "prey", "wheel_combat_mastery", "battle_healing", "blessing_of_the_grove", "healing_link", "shared_conservation", "virtue_party", "sustain_healing", "sanctuary_adjacent", "exposed_weakness", "ballistic_mastery", "target_absorb_reflect"]
SEAM_EVIDENCE ordinary_combat_prepare stage=bindings
SEAM_EVIDENCE native_combat_prepare result=Rejected ordinary=true
SEAM_EVIDENCE spell_probe index=106 key=candidate:spell/heal_friend selected=true caster=free_sorcerer_level1000 target=none disposition=Rejected vitals_delta=false scope=untargeted_catalog_probe gameplay_complete=false
SEAM_EVIDENCE source_map_initialize stage=entered
spell magnitude baseline omitted=["base_critical_chance", "base_critical_extra", "fatal_chance", "armor_penetration", "elemental_pierce", "source_damage_multiplier", "source_healing_multiplier", "healing_dealt_multiplier", "armor_configuration", "combat_callbacks", "elemental_imbuement", "charms", "weapon_proficiency", "prey", "wheel_combat_mastery", "battle_healing", "blessing_of_the_grove", "healing_link", "shared_conservation", "virtue_party", "sustain_healing", "sanctuary_adjacent", "exposed_weakness", "ballistic_mastery", "target_absorb_reflect"]
SEAM_EVIDENCE ordinary_combat_prepare stage=bindings
SEAM_EVIDENCE native_combat_prepare result=Rejected ordinary=true
SEAM_EVIDENCE spell_probe index=107 key=candidate:spell/heal_party selected=true caster=free_sorcerer_level1000 target=none disposition=Rejected vitals_delta=false scope=untargeted_catalog_probe gameplay_complete=false
SEAM_EVIDENCE source_map_initialize stage=entered
spell magnitude baseline omitted=["base_critical_chance", "base_critical_extra", "fatal_chance", "armor_penetration", "elemental_pierce", "source_damage_multiplier", "source_healing_multiplier", "healing_dealt_multiplier", "armor_configuration", "combat_callbacks", "elemental_imbuement", "charms", "weapon_proficiency", "prey", "wheel_combat_mastery", "battle_healing", "blessing_of_the_grove", "healing_link", "shared_conservation", "virtue_party", "sustain_healing", "sanctuary_adjacent", "exposed_weakness", "ballistic_mastery", "target_absorb_reflect"]
SEAM_EVIDENCE spell_probe index=108 key=candidate:spell/heavy_magic_missile_rune selected=true caster=free_sorcerer_level1000 target=none disposition=CoolingDown vitals_delta=false scope=untargeted_catalog_probe gameplay_complete=false
SEAM_EVIDENCE source_map_initialize stage=entered
spell magnitude baseline omitted=["base_critical_chance", "base_critical_extra", "fatal_chance", "armor_penetration", "elemental_pierce", "source_damage_multiplier", "source_healing_multiplier", "healing_dealt_multiplier", "armor_configuration", "combat_callbacks", "elemental_imbuement", "charms", "weapon_proficiency", "prey", "wheel_combat_mastery", "battle_healing", "blessing_of_the_grove", "healing_link", "shared_conservation", "virtue_party", "sustain_healing", "sanctuary_adjacent", "exposed_weakness", "ballistic_mastery", "target_absorb_reflect"]
SEAM_EVIDENCE ordinary_combat_prepare stage=bindings
SEAM_EVIDENCE native_combat_prepare result=Rejected ordinary=true
SEAM_EVIDENCE spell_probe index=109 key=candidate:spell/hell_s_core selected=true caster=free_sorcerer_level1000 target=none disposition=Rejected vitals_delta=false scope=untargeted_catalog_probe gameplay_complete=false
SEAM_EVIDENCE source_map_initialize stage=entered
spell magnitude baseline omitted=["base_critical_chance", "base_critical_extra", "fatal_chance", "armor_penetration", "elemental_pierce", "source_damage_multiplier", "source_healing_multiplier", "healing_dealt_multiplier", "armor_configuration", "combat_callbacks", "elemental_imbuement", "charms", "weapon_proficiency", "prey", "wheel_combat_mastery", "battle_healing", "blessing_of_the_grove", "healing_link", "shared_conservation", "virtue_party", "sustain_healing", "sanctuary_adjacent", "exposed_weakness", "ballistic_mastery", "target_absorb_reflect"]
SEAM_EVIDENCE ordinary_combat_prepare stage=bindings
SEAM_EVIDENCE native_combat_prepare result=Rejected ordinary=true
SEAM_EVIDENCE spell_probe index=110 key=candidate:spell/holy_flash selected=true caster=free_sorcerer_level1000 target=none disposition=Rejected vitals_delta=false scope=untargeted_catalog_probe gameplay_complete=false
SEAM_EVIDENCE source_map_initialize stage=entered
spell magnitude baseline omitted=["base_critical_chance", "base_critical_extra", "fatal_chance", "armor_penetration", "elemental_pierce", "source_damage_multiplier", "source_healing_multiplier", "healing_dealt_multiplier", "armor_configuration", "combat_callbacks", "elemental_imbuement", "charms", "weapon_proficiency", "prey", "wheel_combat_mastery", "battle_healing", "blessing_of_the_grove", "healing_link", "shared_conservation", "virtue_party", "sustain_healing", "sanctuary_adjacent", "exposed_weakness", "ballistic_mastery", "target_absorb_reflect"]
SEAM_EVIDENCE spell_probe index=111 key=candidate:spell/holy_missile_rune selected=true caster=free_sorcerer_level1000 target=none disposition=NotAvailable vitals_delta=false scope=untargeted_catalog_probe gameplay_complete=false
SEAM_EVIDENCE source_map_initialize stage=entered
SEAM_EVIDENCE source_map_initialize stage=entered
SEAM_EVIDENCE spell_probe index=112 key=candidate:spell/house_door_list selected=true caster=free_sorcerer_level1000 target=none disposition=CoolingDown vitals_delta=false scope=untargeted_catalog_probe gameplay_complete=false
SEAM_EVIDENCE source_map_initialize stage=entered
SEAM_EVIDENCE source_map_initialize stage=entered
SEAM_EVIDENCE spell_probe index=113 key=candidate:spell/house_guest_list selected=true caster=free_sorcerer_level1000 target=none disposition=CoolingDown vitals_delta=false scope=untargeted_catalog_probe gameplay_complete=false
SEAM_EVIDENCE source_map_initialize stage=entered
SEAM_EVIDENCE spell_probe index=114 key=candidate:spell/house_kick selected=true caster=free_sorcerer_level1000 target=none disposition=CoolingDown vitals_delta=false scope=untargeted_catalog_probe gameplay_complete=false
SEAM_EVIDENCE source_map_initialize stage=entered
SEAM_EVIDENCE spell_probe index=115 key=candidate:spell/house_subowner_list selected=true caster=free_sorcerer_level1000 target=none disposition=CoolingDown vitals_delta=false scope=untargeted_catalog_probe gameplay_complete=false
SEAM_EVIDENCE source_map_initialize stage=entered
spell magnitude baseline omitted=["base_critical_chance", "base_critical_extra", "fatal_chance", "armor_penetration", "elemental_pierce", "source_damage_multiplier", "source_healing_multiplier", "healing_dealt_multiplier", "armor_configuration", "combat_callbacks", "elemental_imbuement", "charms", "weapon_proficiency", "prey", "wheel_combat_mastery", "battle_healing", "blessing_of_the_grove", "healing_link", "shared_conservation", "virtue_party", "sustain_healing", "sanctuary_adjacent", "exposed_weakness", "ballistic_mastery", "target_absorb_reflect"]
SEAM_EVIDENCE native_combat_prepare result=Rejected ordinary=false
SEAM_EVIDENCE spell_probe index=116 key=candidate:spell/ice_burst selected=true caster=free_sorcerer_level1000 target=none disposition=Rejected vitals_delta=false scope=untargeted_catalog_probe gameplay_complete=false
SEAM_EVIDENCE source_map_initialize stage=entered
spell magnitude baseline omitted=["base_critical_chance", "base_critical_extra", "fatal_chance", "armor_penetration", "elemental_pierce", "source_damage_multiplier", "source_healing_multiplier", "healing_dealt_multiplier", "armor_configuration", "combat_callbacks", "elemental_imbuement", "charms", "weapon_proficiency", "prey", "wheel_combat_mastery", "battle_healing", "blessing_of_the_grove", "healing_link", "shared_conservation", "virtue_party", "sustain_healing", "sanctuary_adjacent", "exposed_weakness", "ballistic_mastery", "target_absorb_reflect"]
SEAM_EVIDENCE ordinary_combat_prepare stage=bindings
SEAM_EVIDENCE ordinary_combat_prepare stage=caster_qualified
SEAM_EVIDENCE ordinary_combat_prepare stage=tile_reads
SEAM_EVIDENCE ordinary_combat_prepare stage=tiles_qualified
SEAM_EVIDENCE ordinary_combat_preview operational_target=false position_target=false direction=true protection=false needs_target=false target_or_direction=true
SEAM_EVIDENCE ordinary_combat_preview caster_state pending_training=false level=1000 owned_magic=Ok(1) qualified_level=1000 qualified_magic=1 vocation_matches=true
SEAM_EVIDENCE ordinary_combat_prepare stage=paid_preview_qualified
SEAM_EVIDENCE ordinary_combat_lower stage=applications_qualified applications=0 geometry=1
SEAM_EVIDENCE ordinary_combat_lower stage=presentation_prepare cues=1 applications=0 magnitude_hits=0
SEAM_EVIDENCE ordinary_combat_prepare stage=lower_preview_qualified
SEAM_EVIDENCE ordinary_combat_lower stage=applications_qualified applications=0 geometry=1
SEAM_EVIDENCE ordinary_combat_lower stage=presentation_prepare cues=1 applications=0 magnitude_hits=0
spell magnitude baseline omitted=["base_critical_chance", "base_critical_extra", "fatal_chance", "armor_penetration", "elemental_pierce", "source_damage_multiplier", "source_healing_multiplier", "healing_dealt_multiplier", "armor_configuration", "combat_callbacks", "elemental_imbuement", "charms", "weapon_proficiency", "prey", "wheel_combat_mastery", "battle_healing", "blessing_of_the_grove", "healing_link", "shared_conservation", "virtue_party", "sustain_healing", "sanctuary_adjacent", "exposed_weakness", "ballistic_mastery", "target_absorb_reflect"]
SEAM_EVIDENCE source_map_initialize stage=entered
SEAM_EVIDENCE spell_probe index=117 key=candidate:spell/ice_strike selected=true caster=free_sorcerer_level1000 target=none disposition=Cast vitals_delta=true scope=untargeted_catalog_probe gameplay_complete=false
SEAM_EVIDENCE source_map_initialize stage=entered
spell magnitude baseline omitted=["base_critical_chance", "base_critical_extra", "fatal_chance", "armor_penetration", "elemental_pierce", "source_damage_multiplier", "source_healing_multiplier", "healing_dealt_multiplier", "armor_configuration", "combat_callbacks", "elemental_imbuement", "charms", "weapon_proficiency", "prey", "wheel_combat_mastery", "battle_healing", "blessing_of_the_grove", "healing_link", "shared_conservation", "virtue_party", "sustain_healing", "sanctuary_adjacent", "exposed_weakness", "ballistic_mastery", "target_absorb_reflect"]
SEAM_EVIDENCE ordinary_combat_prepare stage=bindings
SEAM_EVIDENCE ordinary_combat_prepare stage=caster_qualified
SEAM_EVIDENCE ordinary_combat_prepare stage=tile_reads
SEAM_EVIDENCE ordinary_combat_prepare stage=tiles_qualified
SEAM_EVIDENCE ordinary_combat_preview operational_target=false position_target=false direction=true protection=false needs_target=false target_or_direction=false
SEAM_EVIDENCE ordinary_combat_preview caster_state pending_training=false level=1000 owned_magic=Ok(1) qualified_level=1000 qualified_magic=1 vocation_matches=true
SEAM_EVIDENCE ordinary_combat_prepare stage=paid_preview_refused reason=CoolingDown
SEAM_EVIDENCE native_combat_prepare result=CoolingDown ordinary=true
SEAM_EVIDENCE spell_probe index=118 key=candidate:spell/ice_wave selected=true caster=free_sorcerer_level1000 target=none disposition=CoolingDown vitals_delta=false scope=untargeted_catalog_probe gameplay_complete=false
SEAM_EVIDENCE source_map_initialize stage=entered
spell magnitude baseline omitted=["base_critical_chance", "base_critical_extra", "fatal_chance", "armor_penetration", "elemental_pierce", "source_damage_multiplier", "source_healing_multiplier", "healing_dealt_multiplier", "armor_configuration", "combat_callbacks", "elemental_imbuement", "charms", "weapon_proficiency", "prey", "wheel_combat_mastery", "battle_healing", "blessing_of_the_grove", "healing_link", "shared_conservation", "virtue_party", "sustain_healing", "sanctuary_adjacent", "exposed_weakness", "ballistic_mastery", "target_absorb_reflect"]
SEAM_EVIDENCE spell_probe index=119 key=candidate:spell/icicle_rune selected=true caster=free_sorcerer_level1000 target=none disposition=NotAvailable vitals_delta=false scope=untargeted_catalog_probe gameplay_complete=false
SEAM_EVIDENCE source_map_initialize stage=entered
spell magnitude baseline omitted=["base_critical_chance", "base_critical_extra", "fatal_chance", "armor_penetration", "elemental_pierce", "source_damage_multiplier", "source_healing_multiplier", "healing_dealt_multiplier", "armor_configuration", "combat_callbacks", "elemental_imbuement", "charms", "weapon_proficiency", "prey", "wheel_combat_mastery", "battle_healing", "blessing_of_the_grove", "healing_link", "shared_conservation", "virtue_party", "sustain_healing", "sanctuary_adjacent", "exposed_weakness", "ballistic_mastery", "target_absorb_reflect"]
SEAM_EVIDENCE ordinary_combat_prepare stage=bindings
SEAM_EVIDENCE native_combat_prepare result=Rejected ordinary=true
SEAM_EVIDENCE spell_probe index=120 key=candidate:spell/ignite selected=true caster=free_sorcerer_level1000 target=none disposition=Rejected vitals_delta=false scope=untargeted_catalog_probe gameplay_complete=false
SEAM_EVIDENCE source_map_initialize stage=entered
spell magnitude baseline omitted=["base_critical_chance", "base_critical_extra", "fatal_chance", "armor_penetration", "elemental_pierce", "source_damage_multiplier", "source_healing_multiplier", "healing_dealt_multiplier", "armor_configuration", "combat_callbacks", "elemental_imbuement", "charms", "weapon_proficiency", "prey", "wheel_combat_mastery", "battle_healing", "blessing_of_the_grove", "healing_link", "shared_conservation", "virtue_party", "sustain_healing", "sanctuary_adjacent", "exposed_weakness", "ballistic_mastery", "target_absorb_reflect"]
SEAM_EVIDENCE ordinary_combat_prepare stage=bindings
SEAM_EVIDENCE native_combat_prepare result=Rejected ordinary=true
SEAM_EVIDENCE spell_probe index=121 key=candidate:spell/inflict_wound selected=true caster=free_sorcerer_level1000 target=none disposition=Rejected vitals_delta=false scope=untargeted_catalog_probe gameplay_complete=false
SEAM_EVIDENCE source_map_initialize stage=entered
spell magnitude baseline omitted=["base_critical_chance", "base_critical_extra", "fatal_chance", "armor_penetration", "elemental_pierce", "source_damage_multiplier", "source_healing_multiplier", "healing_dealt_multiplier", "armor_configuration", "combat_callbacks", "elemental_imbuement", "charms", "weapon_proficiency", "prey", "wheel_combat_mastery", "battle_healing", "blessing_of_the_grove", "healing_link", "shared_conservation", "virtue_party", "sustain_healing", "sanctuary_adjacent", "exposed_weakness", "ballistic_mastery", "target_absorb_reflect"]
SEAM_EVIDENCE source_self_prepare stage=tile_qualified
SEAM_EVIDENCE source_self_prepare stage=preview_training_qualified
spell magnitude baseline omitted=["base_critical_chance", "base_critical_extra", "fatal_chance", "armor_penetration", "elemental_pierce", "source_damage_multiplier", "source_healing_multiplier", "healing_dealt_multiplier", "armor_configuration", "combat_callbacks", "elemental_imbuement", "charms", "weapon_proficiency", "prey", "wheel_combat_mastery", "battle_healing", "blessing_of_the_grove", "healing_link", "shared_conservation", "virtue_party", "sustain_healing", "sanctuary_adjacent", "exposed_weakness", "ballistic_mastery", "target_absorb_reflect"]
SEAM_EVIDENCE source_map_initialize stage=entered
SEAM_EVIDENCE source_map_initialize stage=entered
SEAM_EVIDENCE spell_probe index=122 key=candidate:spell/intense_healing selected=true caster=free_sorcerer_level1000 target=none disposition=Cast vitals_delta=true scope=untargeted_catalog_probe gameplay_complete=false
SEAM_EVIDENCE source_map_initialize stage=entered
spell magnitude baseline omitted=["base_critical_chance", "base_critical_extra", "fatal_chance", "armor_penetration", "elemental_pierce", "source_damage_multiplier", "source_healing_multiplier", "healing_dealt_multiplier", "armor_configuration", "combat_callbacks", "elemental_imbuement", "charms", "weapon_proficiency", "prey", "wheel_combat_mastery", "battle_healing", "blessing_of_the_grove", "healing_link", "shared_conservation", "virtue_party", "sustain_healing", "sanctuary_adjacent", "exposed_weakness", "ballistic_mastery", "target_absorb_reflect"]
SEAM_EVIDENCE spell_probe index=123 key=candidate:spell/intense_healing_rune selected=true caster=free_sorcerer_level1000 target=none disposition=NotAvailable vitals_delta=false scope=untargeted_catalog_probe gameplay_complete=false
SEAM_EVIDENCE source_map_initialize stage=entered
spell magnitude baseline omitted=["base_critical_chance", "base_critical_extra", "fatal_chance", "armor_penetration", "elemental_pierce", "source_damage_multiplier", "source_healing_multiplier", "healing_dealt_multiplier", "armor_configuration", "combat_callbacks", "elemental_imbuement", "charms", "weapon_proficiency", "prey", "wheel_combat_mastery", "battle_healing", "blessing_of_the_grove", "healing_link", "shared_conservation", "virtue_party", "sustain_healing", "sanctuary_adjacent", "exposed_weakness", "ballistic_mastery", "target_absorb_reflect"]
SEAM_EVIDENCE native_combat_prepare result=Rejected ordinary=true
SEAM_EVIDENCE spell_probe index=124 key=candidate:spell/intense_recovery selected=true caster=free_sorcerer_level1000 target=none disposition=Rejected vitals_delta=false scope=untargeted_catalog_probe gameplay_complete=false
SEAM_EVIDENCE source_map_initialize stage=entered
spell magnitude baseline omitted=["base_critical_chance", "base_critical_extra", "fatal_chance", "armor_penetration", "elemental_pierce", "source_damage_multiplier", "source_healing_multiplier", "healing_dealt_multiplier", "armor_configuration", "combat_callbacks", "elemental_imbuement", "charms", "weapon_proficiency", "prey", "wheel_combat_mastery", "battle_healing", "blessing_of_the_grove", "healing_link", "shared_conservation", "virtue_party", "sustain_healing", "sanctuary_adjacent", "exposed_weakness", "ballistic_mastery", "target_absorb_reflect"]
SEAM_EVIDENCE native_combat_prepare result=Rejected ordinary=true
SEAM_EVIDENCE spell_probe index=125 key=candidate:spell/intense_wound_cleansing selected=true caster=free_sorcerer_level1000 target=none disposition=Rejected vitals_delta=false scope=untargeted_catalog_probe gameplay_complete=false
SEAM_EVIDENCE source_map_initialize stage=entered
spell magnitude baseline omitted=["base_critical_chance", "base_critical_extra", "fatal_chance", "armor_penetration", "elemental_pierce", "source_damage_multiplier", "source_healing_multiplier", "healing_dealt_multiplier", "armor_configuration", "combat_callbacks", "elemental_imbuement", "charms", "weapon_proficiency", "prey", "wheel_combat_mastery", "battle_healing", "blessing_of_the_grove", "healing_link", "shared_conservation", "virtue_party", "sustain_healing", "sanctuary_adjacent", "exposed_weakness", "ballistic_mastery", "target_absorb_reflect"]
SEAM_EVIDENCE source_self_prepare stage=tile_qualified
SEAM_EVIDENCE source_self_prepare stage=preview_training_qualified
spell magnitude baseline omitted=["base_critical_chance", "base_critical_extra", "fatal_chance", "armor_penetration", "elemental_pierce", "source_damage_multiplier", "source_healing_multiplier", "healing_dealt_multiplier", "armor_configuration", "combat_callbacks", "elemental_imbuement", "charms", "weapon_proficiency", "prey", "wheel_combat_mastery", "battle_healing", "blessing_of_the_grove", "healing_link", "shared_conservation", "virtue_party", "sustain_healing", "sanctuary_adjacent", "exposed_weakness", "ballistic_mastery", "target_absorb_reflect"]
SEAM_EVIDENCE source_map_initialize stage=entered
SEAM_EVIDENCE spell_probe index=126 key=candidate:spell/invisibility selected=true caster=free_sorcerer_level1000 target=none disposition=Cast vitals_delta=true scope=untargeted_catalog_probe gameplay_complete=false
SEAM_EVIDENCE source_map_initialize stage=entered
spell magnitude baseline omitted=["base_critical_chance", "base_critical_extra", "fatal_chance", "armor_penetration", "elemental_pierce", "source_damage_multiplier", "source_healing_multiplier", "healing_dealt_multiplier", "armor_configuration", "combat_callbacks", "elemental_imbuement", "charms", "weapon_proficiency", "prey", "wheel_combat_mastery", "battle_healing", "blessing_of_the_grove", "healing_link", "shared_conservation", "virtue_party", "sustain_healing", "sanctuary_adjacent", "exposed_weakness", "ballistic_mastery", "target_absorb_reflect"]
SEAM_EVIDENCE spell_probe index=127 key=candidate:spell/knight_familiar selected=true caster=free_sorcerer_level1000 target=none disposition=Rejected vitals_delta=false scope=untargeted_catalog_probe gameplay_complete=false
SEAM_EVIDENCE source_map_initialize stage=entered
spell magnitude baseline omitted=["base_critical_chance", "base_critical_extra", "fatal_chance", "armor_penetration", "elemental_pierce", "source_damage_multiplier", "source_healing_multiplier", "healing_dealt_multiplier", "armor_configuration", "combat_callbacks", "elemental_imbuement", "charms", "weapon_proficiency", "prey", "wheel_combat_mastery", "battle_healing", "blessing_of_the_grove", "healing_link", "shared_conservation", "virtue_party", "sustain_healing", "sanctuary_adjacent", "exposed_weakness", "ballistic_mastery", "target_absorb_reflect"]
SEAM_EVIDENCE ordinary_combat_prepare stage=bindings
SEAM_EVIDENCE native_combat_prepare result=Rejected ordinary=true
SEAM_EVIDENCE spell_probe index=128 key=candidate:spell/lesser_ethereal_spear selected=true caster=free_sorcerer_level1000 target=none disposition=Rejected vitals_delta=false scope=untargeted_catalog_probe gameplay_complete=false
SEAM_EVIDENCE source_map_initialize stage=entered
spell magnitude baseline omitted=["base_critical_chance", "base_critical_extra", "fatal_chance", "armor_penetration", "elemental_pierce", "source_damage_multiplier", "source_healing_multiplier", "healing_dealt_multiplier", "armor_configuration", "combat_callbacks", "elemental_imbuement", "charms", "weapon_proficiency", "prey", "wheel_combat_mastery", "battle_healing", "blessing_of_the_grove", "healing_link", "shared_conservation", "virtue_party", "sustain_healing", "sanctuary_adjacent", "exposed_weakness", "ballistic_mastery", "target_absorb_reflect"]
SEAM_EVIDENCE ordinary_combat_prepare stage=bindings
SEAM_EVIDENCE native_combat_prepare result=Rejected ordinary=true
SEAM_EVIDENCE spell_probe index=129 key=candidate:spell/lesser_front_sweep selected=true caster=free_sorcerer_level1000 target=none disposition=Rejected vitals_delta=false scope=untargeted_catalog_probe gameplay_complete=false
SEAM_EVIDENCE source_map_initialize stage=entered
SEAM_EVIDENCE spell_probe index=130 key=candidate:spell/levitate selected=true caster=free_sorcerer_level1000 target=none disposition=CoolingDown vitals_delta=false scope=untargeted_catalog_probe gameplay_complete=false
SEAM_EVIDENCE source_map_initialize stage=entered
spell magnitude baseline omitted=["base_critical_chance", "base_critical_extra", "fatal_chance", "armor_penetration", "elemental_pierce", "source_damage_multiplier", "source_healing_multiplier", "healing_dealt_multiplier", "armor_configuration", "combat_callbacks", "elemental_imbuement", "charms", "weapon_proficiency", "prey", "wheel_combat_mastery", "battle_healing", "blessing_of_the_grove", "healing_link", "shared_conservation", "virtue_party", "sustain_healing", "sanctuary_adjacent", "exposed_weakness", "ballistic_mastery", "target_absorb_reflect"]
SEAM_EVIDENCE source_self_prepare stage=tile_qualified
SEAM_EVIDENCE native_combat_prepare result=CoolingDown ordinary=true
SEAM_EVIDENCE spell_probe index=131 key=candidate:spell/light selected=true caster=free_sorcerer_level1000 target=none disposition=CoolingDown vitals_delta=false scope=untargeted_catalog_probe gameplay_complete=false
SEAM_EVIDENCE source_map_initialize stage=entered
spell magnitude baseline omitted=["base_critical_chance", "base_critical_extra", "fatal_chance", "armor_penetration", "elemental_pierce", "source_damage_multiplier", "source_healing_multiplier", "healing_dealt_multiplier", "armor_configuration", "combat_callbacks", "elemental_imbuement", "charms", "weapon_proficiency", "prey", "wheel_combat_mastery", "battle_healing", "blessing_of_the_grove", "healing_link", "shared_conservation", "virtue_party", "sustain_healing", "sanctuary_adjacent", "exposed_weakness", "ballistic_mastery", "target_absorb_reflect"]
SEAM_EVIDENCE source_self_prepare stage=tile_qualified
SEAM_EVIDENCE source_self_prepare stage=preview_training_qualified
spell magnitude baseline omitted=["base_critical_chance", "base_critical_extra", "fatal_chance", "armor_penetration", "elemental_pierce", "source_damage_multiplier", "source_healing_multiplier", "healing_dealt_multiplier", "armor_configuration", "combat_callbacks", "elemental_imbuement", "charms", "weapon_proficiency", "prey", "wheel_combat_mastery", "battle_healing", "blessing_of_the_grove", "healing_link", "shared_conservation", "virtue_party", "sustain_healing", "sanctuary_adjacent", "exposed_weakness", "ballistic_mastery", "target_absorb_reflect"]
SEAM_EVIDENCE source_map_initialize stage=entered
SEAM_EVIDENCE source_map_initialize stage=entered
SEAM_EVIDENCE spell_probe index=132 key=candidate:spell/light_healing selected=true caster=free_sorcerer_level1000 target=none disposition=Cast vitals_delta=true scope=untargeted_catalog_probe gameplay_complete=false
SEAM_EVIDENCE source_map_initialize stage=entered
spell magnitude baseline omitted=["base_critical_chance", "base_critical_extra", "fatal_chance", "armor_penetration", "elemental_pierce", "source_damage_multiplier", "source_healing_multiplier", "healing_dealt_multiplier", "armor_configuration", "combat_callbacks", "elemental_imbuement", "charms", "weapon_proficiency", "prey", "wheel_combat_mastery", "battle_healing", "blessing_of_the_grove", "healing_link", "shared_conservation", "virtue_party", "sustain_healing", "sanctuary_adjacent", "exposed_weakness", "ballistic_mastery", "target_absorb_reflect"]
SEAM_EVIDENCE spell_probe index=133 key=candidate:spell/light_magic_missile_rune selected=true caster=free_sorcerer_level1000 target=none disposition=CoolingDown vitals_delta=false scope=untargeted_catalog_probe gameplay_complete=false
SEAM_EVIDENCE source_map_initialize stage=entered
spell magnitude baseline omitted=["base_critical_chance", "base_critical_extra", "fatal_chance", "armor_penetration", "elemental_pierce", "source_damage_multiplier", "source_healing_multiplier", "healing_dealt_multiplier", "armor_configuration", "combat_callbacks", "elemental_imbuement", "charms", "weapon_proficiency", "prey", "wheel_combat_mastery", "battle_healing", "blessing_of_the_grove", "healing_link", "shared_conservation", "virtue_party", "sustain_healing", "sanctuary_adjacent", "exposed_weakness", "ballistic_mastery", "target_absorb_reflect"]
SEAM_EVIDENCE spell_probe index=134 key=candidate:spell/lightest_magic_missile selected=true caster=free_sorcerer_level1000 target=none disposition=Rejected vitals_delta=false scope=untargeted_catalog_probe gameplay_complete=false
SEAM_EVIDENCE source_map_initialize stage=entered
spell magnitude baseline omitted=["base_critical_chance", "base_critical_extra", "fatal_chance", "armor_penetration", "elemental_pierce", "source_damage_multiplier", "source_healing_multiplier", "healing_dealt_multiplier", "armor_configuration", "combat_callbacks", "elemental_imbuement", "charms", "weapon_proficiency", "prey", "wheel_combat_mastery", "battle_healing", "blessing_of_the_grove", "healing_link", "shared_conservation", "virtue_party", "sustain_healing", "sanctuary_adjacent", "exposed_weakness", "ballistic_mastery", "target_absorb_reflect"]
SEAM_EVIDENCE ordinary_combat_prepare stage=bindings
SEAM_EVIDENCE native_combat_prepare result=Rejected ordinary=true
SEAM_EVIDENCE spell_probe index=135 key=candidate:spell/lightning selected=true caster=free_sorcerer_level1000 target=none disposition=Rejected vitals_delta=false scope=untargeted_catalog_probe gameplay_complete=false
SEAM_EVIDENCE source_map_initialize stage=entered
spell magnitude baseline omitted=["base_critical_chance", "base_critical_extra", "fatal_chance", "armor_penetration", "elemental_pierce", "source_damage_multiplier", "source_healing_multiplier", "healing_dealt_multiplier", "armor_configuration", "combat_callbacks", "elemental_imbuement", "charms", "weapon_proficiency", "prey", "wheel_combat_mastery", "battle_healing", "blessing_of_the_grove", "healing_link", "shared_conservation", "virtue_party", "sustain_healing", "sanctuary_adjacent", "exposed_weakness", "ballistic_mastery", "target_absorb_reflect"]
SEAM_EVIDENCE source_self_prepare stage=tile_qualified
SEAM_EVIDENCE native_combat_prepare result=CoolingDown ordinary=true
SEAM_EVIDENCE spell_probe index=136 key=candidate:spell/magic_patch selected=true caster=free_sorcerer_level1000 target=none disposition=CoolingDown vitals_delta=false scope=untargeted_catalog_probe gameplay_complete=false
SEAM_EVIDENCE source_map_initialize stage=entered
SEAM_EVIDENCE spell_probe index=137 key=candidate:spell/magic_rope selected=true caster=free_sorcerer_level1000 target=none disposition=CoolingDown vitals_delta=false scope=untargeted_catalog_probe gameplay_complete=false
SEAM_EVIDENCE source_map_initialize stage=entered
spell magnitude baseline omitted=["base_critical_chance", "base_critical_extra", "fatal_chance", "armor_penetration", "elemental_pierce", "source_damage_multiplier", "source_healing_multiplier", "healing_dealt_multiplier", "armor_configuration", "combat_callbacks", "elemental_imbuement", "charms", "weapon_proficiency", "prey", "wheel_combat_mastery", "battle_healing", "blessing_of_the_grove", "healing_link", "shared_conservation", "virtue_party", "sustain_healing", "sanctuary_adjacent", "exposed_weakness", "ballistic_mastery", "target_absorb_reflect"]
SEAM_EVIDENCE native_combat_prepare result=CoolingDown ordinary=false
SEAM_EVIDENCE spell_probe index=138 key=candidate:spell/magic_shield selected=true caster=free_sorcerer_level1000 target=none disposition=CoolingDown vitals_delta=false scope=untargeted_catalog_probe gameplay_complete=false
SEAM_EVIDENCE source_map_initialize stage=entered
spell magnitude baseline omitted=["base_critical_chance", "base_critical_extra", "fatal_chance", "armor_penetration", "elemental_pierce", "source_damage_multiplier", "source_healing_multiplier", "healing_dealt_multiplier", "armor_configuration", "combat_callbacks", "elemental_imbuement", "charms", "weapon_proficiency", "prey", "wheel_combat_mastery", "battle_healing", "blessing_of_the_grove", "healing_link", "shared_conservation", "virtue_party", "sustain_healing", "sanctuary_adjacent", "exposed_weakness", "ballistic_mastery", "target_absorb_reflect"]
SEAM_EVIDENCE spell_probe index=139 key=candidate:spell/magic_wall_rune selected=true caster=free_sorcerer_level1000 target=none disposition=NotAvailable vitals_delta=false scope=untargeted_catalog_probe gameplay_complete=false
SEAM_EVIDENCE source_map_initialize stage=entered
spell magnitude baseline omitted=["base_critical_chance", "base_critical_extra", "fatal_chance", "armor_penetration", "elemental_pierce", "source_damage_multiplier", "source_healing_multiplier", "healing_dealt_multiplier", "armor_configuration", "combat_callbacks", "elemental_imbuement", "charms", "weapon_proficiency", "prey", "wheel_combat_mastery", "battle_healing", "blessing_of_the_grove", "healing_link", "shared_conservation", "virtue_party", "sustain_healing", "sanctuary_adjacent", "exposed_weakness", "ballistic_mastery", "target_absorb_reflect"]
SEAM_EVIDENCE native_combat_prepare result=Rejected ordinary=false
SEAM_EVIDENCE spell_probe index=140 key=candidate:spell/mass_healing selected=true caster=free_sorcerer_level1000 target=none disposition=Rejected vitals_delta=false scope=untargeted_catalog_probe gameplay_complete=false
SEAM_EVIDENCE source_map_initialize stage=entered
spell magnitude baseline omitted=["base_critical_chance", "base_critical_extra", "fatal_chance", "armor_penetration", "elemental_pierce", "source_damage_multiplier", "source_healing_multiplier", "healing_dealt_multiplier", "armor_configuration", "combat_callbacks", "elemental_imbuement", "charms", "weapon_proficiency", "prey", "wheel_combat_mastery", "battle_healing", "blessing_of_the_grove", "healing_link", "shared_conservation", "virtue_party", "sustain_healing", "sanctuary_adjacent", "exposed_weakness", "ballistic_mastery", "target_absorb_reflect"]
SEAM_EVIDENCE native_combat_prepare result=Rejected ordinary=false
SEAM_EVIDENCE spell_probe index=141 key=candidate:spell/mass_spirit_mend selected=true caster=free_sorcerer_level1000 target=none disposition=Rejected vitals_delta=false scope=untargeted_catalog_probe gameplay_complete=false
SEAM_EVIDENCE source_map_initialize stage=entered
spell magnitude baseline omitted=["base_critical_chance", "base_critical_extra", "fatal_chance", "armor_penetration", "elemental_pierce", "source_damage_multiplier", "source_healing_multiplier", "healing_dealt_multiplier", "armor_configuration", "combat_callbacks", "elemental_imbuement", "charms", "weapon_proficiency", "prey", "wheel_combat_mastery", "battle_healing", "blessing_of_the_grove", "healing_link", "shared_conservation", "virtue_party", "sustain_healing", "sanctuary_adjacent", "exposed_weakness", "ballistic_mastery", "target_absorb_reflect"]
SEAM_EVIDENCE native_combat_prepare result=Rejected ordinary=true
SEAM_EVIDENCE source_map_initialize stage=entered
SEAM_EVIDENCE spell_probe index=142 key=candidate:spell/master_of_decay selected=true caster=free_sorcerer_level1000 target=none disposition=Rejected vitals_delta=false scope=untargeted_catalog_probe gameplay_complete=false
SEAM_EVIDENCE source_map_initialize stage=entered
SEAM_EVIDENCE source_map_initialize stage=entered
spell magnitude baseline omitted=["base_critical_chance", "base_critical_extra", "fatal_chance", "armor_penetration", "elemental_pierce", "source_damage_multiplier", "source_healing_multiplier", "healing_dealt_multiplier", "armor_configuration", "combat_callbacks", "elemental_imbuement", "charms", "weapon_proficiency", "prey", "wheel_combat_mastery", "battle_healing", "blessing_of_the_grove", "healing_link", "shared_conservation", "virtue_party", "sustain_healing", "sanctuary_adjacent", "exposed_weakness", "ballistic_mastery", "target_absorb_reflect"]
SEAM_EVIDENCE native_combat_prepare result=Rejected ordinary=true
SEAM_EVIDENCE spell_probe index=143 key=candidate:spell/master_of_flames selected=true caster=free_sorcerer_level1000 target=none disposition=Rejected vitals_delta=false scope=untargeted_catalog_probe gameplay_complete=false
SEAM_EVIDENCE source_map_initialize stage=entered
spell magnitude baseline omitted=["base_critical_chance", "base_critical_extra", "fatal_chance", "armor_penetration", "elemental_pierce", "source_damage_multiplier", "source_healing_multiplier", "healing_dealt_multiplier", "armor_configuration", "combat_callbacks", "elemental_imbuement", "charms", "weapon_proficiency", "prey", "wheel_combat_mastery", "battle_healing", "blessing_of_the_grove", "healing_link", "shared_conservation", "virtue_party", "sustain_healing", "sanctuary_adjacent", "exposed_weakness", "ballistic_mastery", "target_absorb_reflect"]
SEAM_EVIDENCE native_combat_prepare result=Rejected ordinary=true
SEAM_EVIDENCE spell_probe index=144 key=candidate:spell/master_of_thunder selected=true caster=free_sorcerer_level1000 target=none disposition=Rejected vitals_delta=false scope=untargeted_catalog_probe gameplay_complete=false
SEAM_EVIDENCE source_map_initialize stage=entered
spell magnitude baseline omitted=["base_critical_chance", "base_critical_extra", "fatal_chance", "armor_penetration", "elemental_pierce", "source_damage_multiplier", "source_healing_multiplier", "healing_dealt_multiplier", "armor_configuration", "combat_callbacks", "elemental_imbuement", "charms", "weapon_proficiency", "prey", "wheel_combat_mastery", "battle_healing", "blessing_of_the_grove", "healing_link", "shared_conservation", "virtue_party", "sustain_healing", "sanctuary_adjacent", "exposed_weakness", "ballistic_mastery", "target_absorb_reflect"]
SEAM_EVIDENCE spell_probe index=145 key=candidate:spell/monk_familiar selected=true caster=free_sorcerer_level1000 target=none disposition=Rejected vitals_delta=false scope=untargeted_catalog_probe gameplay_complete=false
SEAM_EVIDENCE source_map_initialize stage=entered
spell magnitude baseline omitted=["base_critical_chance", "base_critical_extra", "fatal_chance", "armor_penetration", "elemental_pierce", "source_damage_multiplier", "source_healing_multiplier", "healing_dealt_multiplier", "armor_configuration", "combat_callbacks", "elemental_imbuement", "charms", "weapon_proficiency", "prey", "wheel_combat_mastery", "battle_healing", "blessing_of_the_grove", "healing_link", "shared_conservation", "virtue_party", "sustain_healing", "sanctuary_adjacent", "exposed_weakness", "ballistic_mastery", "target_absorb_reflect"]
SEAM_EVIDENCE ordinary_combat_prepare stage=bindings
SEAM_EVIDENCE ordinary_combat_prepare stage=caster_qualified
SEAM_EVIDENCE ordinary_combat_prepare stage=tile_reads
SEAM_EVIDENCE ordinary_combat_prepare stage=tiles_qualified
SEAM_EVIDENCE ordinary_combat_preview operational_target=false position_target=false direction=true protection=false needs_target=false target_or_direction=true
SEAM_EVIDENCE ordinary_combat_preview caster_state pending_training=false level=1000 owned_magic=Ok(1) qualified_level=1000 qualified_magic=1 vocation_matches=true
SEAM_EVIDENCE ordinary_combat_prepare stage=paid_preview_refused reason=NotAvailable
SEAM_EVIDENCE native_combat_prepare result=NotAvailable ordinary=true
SEAM_EVIDENCE spell_probe index=146 key=candidate:spell/mud_attack selected=true caster=free_sorcerer_level1000 target=none disposition=NotAvailable vitals_delta=false scope=untargeted_catalog_probe gameplay_complete=false
SEAM_EVIDENCE source_map_initialize stage=entered
spell magnitude baseline omitted=["base_critical_chance", "base_critical_extra", "fatal_chance", "armor_penetration", "elemental_pierce", "source_damage_multiplier", "source_healing_multiplier", "healing_dealt_multiplier", "armor_configuration", "combat_callbacks", "elemental_imbuement", "charms", "weapon_proficiency", "prey", "wheel_combat_mastery", "battle_healing", "blessing_of_the_grove", "healing_link", "shared_conservation", "virtue_party", "sustain_healing", "sanctuary_adjacent", "exposed_weakness", "ballistic_mastery", "target_absorb_reflect"]
SEAM_EVIDENCE ordinary_combat_prepare stage=bindings
SEAM_EVIDENCE native_combat_prepare result=Rejected ordinary=true
SEAM_EVIDENCE spell_probe index=147 key=candidate:spell/mystic_repulse selected=true caster=free_sorcerer_level1000 target=none disposition=Rejected vitals_delta=false scope=untargeted_catalog_probe gameplay_complete=false
SEAM_EVIDENCE source_map_initialize stage=entered
spell magnitude baseline omitted=["base_critical_chance", "base_critical_extra", "fatal_chance", "armor_penetration", "elemental_pierce", "source_damage_multiplier", "source_healing_multiplier", "healing_dealt_multiplier", "armor_configuration", "combat_callbacks", "elemental_imbuement", "charms", "weapon_proficiency", "prey", "wheel_combat_mastery", "battle_healing", "blessing_of_the_grove", "healing_link", "shared_conservation", "virtue_party", "sustain_healing", "sanctuary_adjacent", "exposed_weakness", "ballistic_mastery", "target_absorb_reflect"]
SEAM_EVIDENCE ordinary_combat_prepare stage=bindings
SEAM_EVIDENCE native_combat_prepare result=Rejected ordinary=true
SEAM_EVIDENCE spell_probe index=148 key=candidate:spell/nature_s_embrace selected=true caster=free_sorcerer_level1000 target=none disposition=Rejected vitals_delta=false scope=untargeted_catalog_probe gameplay_complete=false
SEAM_EVIDENCE source_map_initialize stage=entered
spell magnitude baseline omitted=["base_critical_chance", "base_critical_extra", "fatal_chance", "armor_penetration", "elemental_pierce", "source_damage_multiplier", "source_healing_multiplier", "healing_dealt_multiplier", "armor_configuration", "combat_callbacks", "elemental_imbuement", "charms", "weapon_proficiency", "prey", "wheel_combat_mastery", "battle_healing", "blessing_of_the_grove", "healing_link", "shared_conservation", "virtue_party", "sustain_healing", "sanctuary_adjacent", "exposed_weakness", "ballistic_mastery", "target_absorb_reflect"]
SEAM_EVIDENCE spell_probe index=149 key=candidate:spell/paladin_familiar selected=true caster=free_sorcerer_level1000 target=none disposition=Rejected vitals_delta=false scope=untargeted_catalog_probe gameplay_complete=false
SEAM_EVIDENCE source_map_initialize stage=entered
spell magnitude baseline omitted=["base_critical_chance", "base_critical_extra", "fatal_chance", "armor_penetration", "elemental_pierce", "source_damage_multiplier", "source_healing_multiplier", "healing_dealt_multiplier", "armor_configuration", "combat_callbacks", "elemental_imbuement", "charms", "weapon_proficiency", "prey", "wheel_combat_mastery", "battle_healing", "blessing_of_the_grove", "healing_link", "shared_conservation", "virtue_party", "sustain_healing", "sanctuary_adjacent", "exposed_weakness", "ballistic_mastery", "target_absorb_reflect"]
SEAM_EVIDENCE spell_probe index=150 key=candidate:spell/paralyze_rune selected=true caster=free_sorcerer_level1000 target=none disposition=NotAvailable vitals_delta=false scope=untargeted_catalog_probe gameplay_complete=false
SEAM_EVIDENCE source_map_initialize stage=entered
spell magnitude baseline omitted=["base_critical_chance", "base_critical_extra", "fatal_chance", "armor_penetration", "elemental_pierce", "source_damage_multiplier", "source_healing_multiplier", "healing_dealt_multiplier", "armor_configuration", "combat_callbacks", "elemental_imbuement", "charms", "weapon_proficiency", "prey", "wheel_combat_mastery", "battle_healing", "blessing_of_the_grove", "healing_link", "shared_conservation", "virtue_party", "sustain_healing", "sanctuary_adjacent", "exposed_weakness", "ballistic_mastery", "target_absorb_reflect"]
SEAM_EVIDENCE ordinary_combat_prepare stage=bindings
SEAM_EVIDENCE ordinary_combat_prepare stage=caster_qualified
SEAM_EVIDENCE ordinary_combat_prepare stage=tile_reads
SEAM_EVIDENCE ordinary_combat_prepare stage=tiles_qualified
SEAM_EVIDENCE ordinary_combat_preview operational_target=false position_target=false direction=true protection=false needs_target=false target_or_direction=true
SEAM_EVIDENCE ordinary_combat_preview caster_state pending_training=false level=1000 owned_magic=Ok(1) qualified_level=1000 qualified_magic=1 vocation_matches=true
SEAM_EVIDENCE ordinary_combat_prepare stage=paid_preview_refused reason=NotAvailable
SEAM_EVIDENCE native_combat_prepare result=NotAvailable ordinary=true
SEAM_EVIDENCE source_map_initialize stage=entered
SEAM_EVIDENCE spell_probe index=151 key=candidate:spell/physical_strike selected=true caster=free_sorcerer_level1000 target=none disposition=NotAvailable vitals_delta=false scope=untargeted_catalog_probe gameplay_complete=false
SEAM_EVIDENCE source_map_initialize stage=entered
SEAM_EVIDENCE source_map_initialize stage=entered
spell magnitude baseline omitted=["base_critical_chance", "base_critical_extra", "fatal_chance", "armor_penetration", "elemental_pierce", "source_damage_multiplier", "source_healing_multiplier", "healing_dealt_multiplier", "armor_configuration", "combat_callbacks", "elemental_imbuement", "charms", "weapon_proficiency", "prey", "wheel_combat_mastery", "battle_healing", "blessing_of_the_grove", "healing_link", "shared_conservation", "virtue_party", "sustain_healing", "sanctuary_adjacent", "exposed_weakness", "ballistic_mastery", "target_absorb_reflect"]
SEAM_EVIDENCE spell_probe index=152 key=candidate:spell/poison_bomb_rune selected=true caster=free_sorcerer_level1000 target=none disposition=NotAvailable vitals_delta=false scope=untargeted_catalog_probe gameplay_complete=false
SEAM_EVIDENCE source_map_initialize stage=entered
spell magnitude baseline omitted=["base_critical_chance", "base_critical_extra", "fatal_chance", "armor_penetration", "elemental_pierce", "source_damage_multiplier", "source_healing_multiplier", "healing_dealt_multiplier", "armor_configuration", "combat_callbacks", "elemental_imbuement", "charms", "weapon_proficiency", "prey", "wheel_combat_mastery", "battle_healing", "blessing_of_the_grove", "healing_link", "shared_conservation", "virtue_party", "sustain_healing", "sanctuary_adjacent", "exposed_weakness", "ballistic_mastery", "target_absorb_reflect"]
SEAM_EVIDENCE spell_probe index=153 key=candidate:spell/poison_field_rune selected=true caster=free_sorcerer_level1000 target=none disposition=Rejected vitals_delta=false scope=untargeted_catalog_probe gameplay_complete=false
SEAM_EVIDENCE source_map_initialize stage=entered
spell magnitude baseline omitted=["base_critical_chance", "base_critical_extra", "fatal_chance", "armor_penetration", "elemental_pierce", "source_damage_multiplier", "source_healing_multiplier", "healing_dealt_multiplier", "armor_configuration", "combat_callbacks", "elemental_imbuement", "charms", "weapon_proficiency", "prey", "wheel_combat_mastery", "battle_healing", "blessing_of_the_grove", "healing_link", "shared_conservation", "virtue_party", "sustain_healing", "sanctuary_adjacent", "exposed_weakness", "ballistic_mastery", "target_absorb_reflect"]
SEAM_EVIDENCE spell_probe index=154 key=candidate:spell/poison_wall_rune selected=true caster=free_sorcerer_level1000 target=none disposition=Rejected vitals_delta=false scope=untargeted_catalog_probe gameplay_complete=false
SEAM_EVIDENCE source_map_initialize stage=entered
SEAM_EVIDENCE spell_probe index=155 key=candidate:spell/practise_magic_missile selected=false caster=free_sorcerer_level1000 target=none disposition=Rejected vitals_delta=false scope=untargeted_catalog_probe gameplay_complete=false
SEAM_EVIDENCE source_map_initialize stage=entered
spell magnitude baseline omitted=["base_critical_chance", "base_critical_extra", "fatal_chance", "armor_penetration", "elemental_pierce", "source_damage_multiplier", "source_healing_multiplier", "healing_dealt_multiplier", "armor_configuration", "combat_callbacks", "elemental_imbuement", "charms", "weapon_proficiency", "prey", "wheel_combat_mastery", "battle_healing", "blessing_of_the_grove", "healing_link", "shared_conservation", "virtue_party", "sustain_healing", "sanctuary_adjacent", "exposed_weakness", "ballistic_mastery", "target_absorb_reflect"]
SEAM_EVIDENCE ordinary_combat_prepare stage=bindings
SEAM_EVIDENCE native_combat_prepare result=Rejected ordinary=true
SEAM_EVIDENCE spell_probe index=156 key=candidate:spell/protect_party selected=true caster=free_sorcerer_level1000 target=none disposition=Rejected vitals_delta=false scope=untargeted_catalog_probe gameplay_complete=false
SEAM_EVIDENCE source_map_initialize stage=entered
SEAM_EVIDENCE spell_probe index=157 key=candidate:spell/protector selected=true caster=free_sorcerer_level1000 target=none disposition=NotAvailable vitals_delta=false scope=untargeted_catalog_probe gameplay_complete=false
SEAM_EVIDENCE source_map_initialize stage=entered
spell magnitude baseline omitted=["base_critical_chance", "base_critical_extra", "fatal_chance", "armor_penetration", "elemental_pierce", "source_damage_multiplier", "source_healing_multiplier", "healing_dealt_multiplier", "armor_configuration", "combat_callbacks", "elemental_imbuement", "charms", "weapon_proficiency", "prey", "wheel_combat_mastery", "battle_healing", "blessing_of_the_grove", "healing_link", "shared_conservation", "virtue_party", "sustain_healing", "sanctuary_adjacent", "exposed_weakness", "ballistic_mastery", "target_absorb_reflect"]
SEAM_EVIDENCE ordinary_combat_prepare stage=bindings
SEAM_EVIDENCE native_combat_prepare result=Rejected ordinary=true
SEAM_EVIDENCE spell_probe index=158 key=candidate:spell/rage_of_the_skies selected=true caster=free_sorcerer_level1000 target=none disposition=Rejected vitals_delta=false scope=untargeted_catalog_probe gameplay_complete=false
SEAM_EVIDENCE source_map_initialize stage=entered
spell magnitude baseline omitted=["base_critical_chance", "base_critical_extra", "fatal_chance", "armor_penetration", "elemental_pierce", "source_damage_multiplier", "source_healing_multiplier", "healing_dealt_multiplier", "armor_configuration", "combat_callbacks", "elemental_imbuement", "charms", "weapon_proficiency", "prey", "wheel_combat_mastery", "battle_healing", "blessing_of_the_grove", "healing_link", "shared_conservation", "virtue_party", "sustain_healing", "sanctuary_adjacent", "exposed_weakness", "ballistic_mastery", "target_absorb_reflect"]
SEAM_EVIDENCE native_combat_prepare result=Rejected ordinary=true
SEAM_EVIDENCE spell_probe index=159 key=candidate:spell/recovery selected=true caster=free_sorcerer_level1000 target=none disposition=Rejected vitals_delta=false scope=untargeted_catalog_probe gameplay_complete=false
SEAM_EVIDENCE source_map_initialize stage=entered
spell magnitude baseline omitted=["base_critical_chance", "base_critical_extra", "fatal_chance", "armor_penetration", "elemental_pierce", "source_damage_multiplier", "source_healing_multiplier", "healing_dealt_multiplier", "armor_configuration", "combat_callbacks", "elemental_imbuement", "charms", "weapon_proficiency", "prey", "wheel_combat_mastery", "battle_healing", "blessing_of_the_grove", "healing_link", "shared_conservation", "virtue_party", "sustain_healing", "sanctuary_adjacent", "exposed_weakness", "ballistic_mastery", "target_absorb_reflect"]
SEAM_EVIDENCE native_combat_prepare result=Rejected ordinary=true
SEAM_EVIDENCE spell_probe index=160 key=candidate:spell/restoration selected=true caster=free_sorcerer_level1000 target=none disposition=Rejected vitals_delta=false scope=untargeted_catalog_probe gameplay_complete=false
SEAM_EVIDENCE source_map_initialize stage=entered
spell magnitude baseline omitted=["base_critical_chance", "base_critical_extra", "fatal_chance", "armor_penetration", "elemental_pierce", "source_damage_multiplier", "source_healing_multiplier", "healing_dealt_multiplier", "armor_configuration", "combat_callbacks", "elemental_imbuement", "charms", "weapon_proficiency", "prey", "wheel_combat_mastery", "battle_healing", "blessing_of_the_grove", "healing_link", "shared_conservation", "virtue_party", "sustain_healing", "sanctuary_adjacent", "exposed_weakness", "ballistic_mastery", "target_absorb_reflect"]
SEAM_EVIDENCE ordinary_combat_prepare stage=bindings
SEAM_EVIDENCE native_combat_prepare result=Rejected ordinary=true
SEAM_EVIDENCE source_map_initialize stage=entered
SEAM_EVIDENCE spell_probe index=161 key=candidate:spell/restore_balance selected=true caster=free_sorcerer_level1000 target=none disposition=Rejected vitals_delta=false scope=untargeted_catalog_probe gameplay_complete=false
SEAM_EVIDENCE source_map_initialize stage=entered
SEAM_EVIDENCE source_map_initialize stage=entered
SEAM_EVIDENCE spell_probe index=162 key=candidate:spell/rune/animate_dead_rune selected=true caster=free_sorcerer_level1000 target=none disposition=NotAvailable vitals_delta=false scope=untargeted_catalog_probe gameplay_complete=false
SEAM_EVIDENCE source_map_initialize stage=entered
SEAM_EVIDENCE spell_probe index=163 key=candidate:spell/rune/antidote_rune selected=true caster=free_sorcerer_level1000 target=none disposition=NotAvailable vitals_delta=false scope=untargeted_catalog_probe gameplay_complete=false
SEAM_EVIDENCE source_map_initialize stage=entered
SEAM_EVIDENCE spell_probe index=164 key=candidate:spell/rune/avalanche_rune selected=true caster=free_sorcerer_level1000 target=none disposition=NotAvailable vitals_delta=false scope=untargeted_catalog_probe gameplay_complete=false
SEAM_EVIDENCE source_map_initialize stage=entered
SEAM_EVIDENCE spell_probe index=165 key=candidate:spell/rune/chameleon_rune selected=true caster=free_sorcerer_level1000 target=none disposition=NotAvailable vitals_delta=false scope=untargeted_catalog_probe gameplay_complete=false
SEAM_EVIDENCE source_map_initialize stage=entered
SEAM_EVIDENCE spell_probe index=166 key=candidate:spell/rune/convince_creature_rune selected=true caster=free_sorcerer_level1000 target=none disposition=NotAvailable vitals_delta=false scope=untargeted_catalog_probe gameplay_complete=false
SEAM_EVIDENCE source_map_initialize stage=entered
SEAM_EVIDENCE spell_probe index=167 key=candidate:spell/rune/desintegrate_rune selected=true caster=free_sorcerer_level1000 target=none disposition=NotAvailable vitals_delta=false scope=untargeted_catalog_probe gameplay_complete=false
SEAM_EVIDENCE source_map_initialize stage=entered
SEAM_EVIDENCE spell_probe index=168 key=candidate:spell/rune/destroy_field_rune selected=true caster=free_sorcerer_level1000 target=none disposition=NotAvailable vitals_delta=false scope=untargeted_catalog_probe gameplay_complete=false
SEAM_EVIDENCE source_map_initialize stage=entered
SEAM_EVIDENCE spell_probe index=169 key=candidate:spell/rune/energy_field_rune selected=true caster=free_sorcerer_level1000 target=none disposition=NotAvailable vitals_delta=false scope=untargeted_catalog_probe gameplay_complete=false
SEAM_EVIDENCE source_map_initialize stage=entered
SEAM_EVIDENCE source_map_initialize stage=entered
SEAM_EVIDENCE spell_probe index=170 key=candidate:spell/rune/energy_wall_rune selected=true caster=free_sorcerer_level1000 target=none disposition=NotAvailable vitals_delta=false scope=untargeted_catalog_probe gameplay_complete=false
SEAM_EVIDENCE source_map_initialize stage=entered
SEAM_EVIDENCE source_map_initialize stage=entered
SEAM_EVIDENCE spell_probe index=171 key=candidate:spell/rune/energybomb_rune selected=true caster=free_sorcerer_level1000 target=none disposition=NotAvailable vitals_delta=false scope=untargeted_catalog_probe gameplay_complete=false
SEAM_EVIDENCE source_map_initialize stage=entered
SEAM_EVIDENCE spell_probe index=172 key=candidate:spell/rune/explosion_rune selected=true caster=free_sorcerer_level1000 target=none disposition=NotAvailable vitals_delta=false scope=untargeted_catalog_probe gameplay_complete=false
SEAM_EVIDENCE source_map_initialize stage=entered
SEAM_EVIDENCE spell_probe index=173 key=candidate:spell/rune/fire_field_rune selected=true caster=free_sorcerer_level1000 target=none disposition=NotAvailable vitals_delta=false scope=untargeted_catalog_probe gameplay_complete=false
SEAM_EVIDENCE source_map_initialize stage=entered
SEAM_EVIDENCE spell_probe index=174 key=candidate:spell/rune/fire_wall_rune selected=true caster=free_sorcerer_level1000 target=none disposition=NotAvailable vitals_delta=false scope=untargeted_catalog_probe gameplay_complete=false
SEAM_EVIDENCE source_map_initialize stage=entered
SEAM_EVIDENCE spell_probe index=175 key=candidate:spell/rune/fireball_rune selected=true caster=free_sorcerer_level1000 target=none disposition=NotAvailable vitals_delta=false scope=untargeted_catalog_probe gameplay_complete=false
SEAM_EVIDENCE source_map_initialize stage=entered
SEAM_EVIDENCE spell_probe index=176 key=candidate:spell/rune/firebomb_rune selected=true caster=free_sorcerer_level1000 target=none disposition=NotAvailable vitals_delta=false scope=untargeted_catalog_probe gameplay_complete=false
SEAM_EVIDENCE source_map_initialize stage=entered
SEAM_EVIDENCE spell_probe index=177 key=candidate:spell/rune/great_fireball_rune selected=true caster=free_sorcerer_level1000 target=none disposition=NotAvailable vitals_delta=false scope=untargeted_catalog_probe gameplay_complete=false
SEAM_EVIDENCE source_map_initialize stage=entered
SEAM_EVIDENCE spell_probe index=178 key=candidate:spell/rune/heavy_magic_missile_rune selected=true caster=free_sorcerer_level1000 target=none disposition=NotAvailable vitals_delta=false scope=untargeted_catalog_probe gameplay_complete=false
SEAM_EVIDENCE source_map_initialize stage=entered
SEAM_EVIDENCE source_map_initialize stage=entered
SEAM_EVIDENCE spell_probe index=179 key=candidate:spell/rune/holy_missile_rune selected=true caster=free_sorcerer_level1000 target=none disposition=NotAvailable vitals_delta=false scope=untargeted_catalog_probe gameplay_complete=false
SEAM_EVIDENCE source_map_initialize stage=entered
SEAM_EVIDENCE source_map_initialize stage=entered
SEAM_EVIDENCE spell_probe index=180 key=candidate:spell/rune/icicle_rune selected=true caster=free_sorcerer_level1000 target=none disposition=NotAvailable vitals_delta=false scope=untargeted_catalog_probe gameplay_complete=false
SEAM_EVIDENCE source_map_initialize stage=entered
SEAM_EVIDENCE spell_probe index=181 key=candidate:spell/rune/intense_healing_rune selected=true caster=free_sorcerer_level1000 target=none disposition=NotAvailable vitals_delta=false scope=untargeted_catalog_probe gameplay_complete=false
SEAM_EVIDENCE source_map_initialize stage=entered
SEAM_EVIDENCE spell_probe index=182 key=candidate:spell/rune/light_magic_missile_rune selected=true caster=free_sorcerer_level1000 target=none disposition=NotAvailable vitals_delta=false scope=untargeted_catalog_probe gameplay_complete=false
SEAM_EVIDENCE source_map_initialize stage=entered
SEAM_EVIDENCE spell_probe index=183 key=candidate:spell/rune/light_stone_shower_rune selected=true caster=free_sorcerer_level1000 target=none disposition=NotAvailable vitals_delta=false scope=untargeted_catalog_probe gameplay_complete=false
SEAM_EVIDENCE source_map_initialize stage=entered
SEAM_EVIDENCE spell_probe index=184 key=candidate:spell/rune/lightest_magic_missile_rune selected=true caster=free_sorcerer_level1000 target=none disposition=NotAvailable vitals_delta=false scope=untargeted_catalog_probe gameplay_complete=false
SEAM_EVIDENCE source_map_initialize stage=entered
SEAM_EVIDENCE spell_probe index=185 key=candidate:spell/rune/lightest_missile_rune selected=true caster=free_sorcerer_level1000 target=none disposition=NotAvailable vitals_delta=false scope=untargeted_catalog_probe gameplay_complete=false
SEAM_EVIDENCE source_map_initialize stage=entered
SEAM_EVIDENCE spell_probe index=186 key=candidate:spell/rune/magic_wall_rune selected=true caster=free_sorcerer_level1000 target=none disposition=NotAvailable vitals_delta=false scope=untargeted_catalog_probe gameplay_complete=false
SEAM_EVIDENCE source_map_initialize stage=entered
SEAM_EVIDENCE spell_probe index=187 key=candidate:spell/rune/paralyze_rune selected=true caster=free_sorcerer_level1000 target=none disposition=NotAvailable vitals_delta=false scope=untargeted_catalog_probe gameplay_complete=false
SEAM_EVIDENCE source_map_initialize stage=entered
SEAM_EVIDENCE spell_probe index=188 key=candidate:spell/rune/poison_bomb_rune selected=true caster=free_sorcerer_level1000 target=none disposition=NotAvailable vitals_delta=false scope=untargeted_catalog_probe gameplay_complete=false
SEAM_EVIDENCE source_map_initialize stage=entered
SEAM_EVIDENCE source_map_initialize stage=entered
SEAM_EVIDENCE source_map_initialize stage=entered
SEAM_EVIDENCE spell_probe index=189 key=candidate:spell/rune/poison_field_rune selected=true caster=free_sorcerer_level1000 target=none disposition=NotAvailable vitals_delta=false scope=untargeted_catalog_probe gameplay_complete=false
SEAM_EVIDENCE source_map_initialize stage=entered
SEAM_EVIDENCE spell_probe index=190 key=candidate:spell/rune/poison_wall_rune selected=true caster=free_sorcerer_level1000 target=none disposition=NotAvailable vitals_delta=false scope=untargeted_catalog_probe gameplay_complete=false
SEAM_EVIDENCE source_map_initialize stage=entered
SEAM_EVIDENCE spell_probe index=191 key=candidate:spell/rune/soulfire_rune selected=true caster=free_sorcerer_level1000 target=none disposition=NotAvailable vitals_delta=false scope=untargeted_catalog_probe gameplay_complete=false
SEAM_EVIDENCE source_map_initialize stage=entered
SEAM_EVIDENCE spell_probe index=192 key=candidate:spell/rune/stalagmite_rune selected=true caster=free_sorcerer_level1000 target=none disposition=NotAvailable vitals_delta=false scope=untargeted_catalog_probe gameplay_complete=false
SEAM_EVIDENCE source_map_initialize stage=entered
SEAM_EVIDENCE spell_probe index=193 key=candidate:spell/rune/stone_shower_rune selected=true caster=free_sorcerer_level1000 target=none disposition=NotAvailable vitals_delta=false scope=untargeted_catalog_probe gameplay_complete=false
SEAM_EVIDENCE source_map_initialize stage=entered
SEAM_EVIDENCE spell_probe index=194 key=candidate:spell/rune/sudden_death_rune selected=true caster=free_sorcerer_level1000 target=none disposition=NotAvailable vitals_delta=false scope=untargeted_catalog_probe gameplay_complete=false
SEAM_EVIDENCE source_map_initialize stage=entered
SEAM_EVIDENCE spell_probe index=195 key=candidate:spell/rune/thunderstorm_rune selected=true caster=free_sorcerer_level1000 target=none disposition=NotAvailable vitals_delta=false scope=untargeted_catalog_probe gameplay_complete=false
SEAM_EVIDENCE source_map_initialize stage=entered
SEAM_EVIDENCE spell_probe index=196 key=candidate:spell/rune/ultimate_healing_rune selected=true caster=free_sorcerer_level1000 target=none disposition=NotAvailable vitals_delta=false scope=untargeted_catalog_probe gameplay_complete=false
SEAM_EVIDENCE source_map_initialize stage=entered
SEAM_EVIDENCE spell_probe index=197 key=candidate:spell/rune/wild_growth_rune selected=true caster=free_sorcerer_level1000 target=none disposition=NotAvailable vitals_delta=false scope=untargeted_catalog_probe gameplay_complete=false
SEAM_EVIDENCE source_map_initialize stage=entered
SEAM_EVIDENCE source_map_initialize stage=entered
spell magnitude baseline omitted=["base_critical_chance", "base_critical_extra", "fatal_chance", "armor_penetration", "elemental_pierce", "source_damage_multiplier", "source_healing_multiplier", "healing_dealt_multiplier", "armor_configuration", "combat_callbacks", "elemental_imbuement", "charms", "weapon_proficiency", "prey", "wheel_combat_mastery", "battle_healing", "blessing_of_the_grove", "healing_link", "shared_conservation", "virtue_party", "sustain_healing", "sanctuary_adjacent", "exposed_weakness", "ballistic_mastery", "target_absorb_reflect"]
SEAM_EVIDENCE native_combat_prepare result=Rejected ordinary=true
SEAM_EVIDENCE source_map_initialize stage=entered
SEAM_EVIDENCE spell_probe index=198 key=candidate:spell/salvation selected=true caster=free_sorcerer_level1000 target=none disposition=Rejected vitals_delta=false scope=untargeted_catalog_probe gameplay_complete=false
SEAM_EVIDENCE source_map_initialize stage=entered
spell magnitude baseline omitted=["base_critical_chance", "base_critical_extra", "fatal_chance", "armor_penetration", "elemental_pierce", "source_damage_multiplier", "source_healing_multiplier", "healing_dealt_multiplier", "armor_configuration", "combat_callbacks", "elemental_imbuement", "charms", "weapon_proficiency", "prey", "wheel_combat_mastery", "battle_healing", "blessing_of_the_grove", "healing_link", "shared_conservation", "virtue_party", "sustain_healing", "sanctuary_adjacent", "exposed_weakness", "ballistic_mastery", "target_absorb_reflect"]
SEAM_EVIDENCE ordinary_combat_prepare stage=bindings
SEAM_EVIDENCE ordinary_combat_prepare stage=caster_qualified
SEAM_EVIDENCE ordinary_combat_prepare stage=tile_reads
SEAM_EVIDENCE ordinary_combat_prepare stage=tiles_qualified
SEAM_EVIDENCE ordinary_combat_preview operational_target=false position_target=false direction=true protection=false needs_target=false target_or_direction=false
SEAM_EVIDENCE ordinary_combat_preview caster_state pending_training=false level=1000 owned_magic=Ok(1) qualified_level=1000 qualified_magic=1 vocation_matches=true
SEAM_EVIDENCE ordinary_combat_prepare stage=paid_preview_qualified
SEAM_EVIDENCE ordinary_combat_lower stage=applications_qualified applications=0 geometry=12
SEAM_EVIDENCE ordinary_combat_lower stage=presentation_prepare cues=13 applications=0 magnitude_hits=0
SEAM_EVIDENCE ordinary_combat_prepare stage=lower_preview_qualified
SEAM_EVIDENCE ordinary_combat_lower stage=applications_qualified applications=0 geometry=12
SEAM_EVIDENCE ordinary_combat_lower stage=presentation_prepare cues=13 applications=0 magnitude_hits=0
spell magnitude baseline omitted=["base_critical_chance", "base_critical_extra", "fatal_chance", "armor_penetration", "elemental_pierce", "source_damage_multiplier", "source_healing_multiplier", "healing_dealt_multiplier", "armor_configuration", "combat_callbacks", "elemental_imbuement", "charms", "weapon_proficiency", "prey", "wheel_combat_mastery", "battle_healing", "blessing_of_the_grove", "healing_link", "shared_conservation", "virtue_party", "sustain_healing", "sanctuary_adjacent", "exposed_weakness", "ballistic_mastery", "target_absorb_reflect"]
SEAM_EVIDENCE source_map_initialize stage=entered
SEAM_EVIDENCE spell_probe index=199 key=candidate:spell/scorch selected=true caster=free_sorcerer_level1000 target=none disposition=Cast vitals_delta=true scope=untargeted_catalog_probe gameplay_complete=false
SEAM_EVIDENCE source_map_initialize stage=entered
spell magnitude baseline omitted=["base_critical_chance", "base_critical_extra", "fatal_chance", "armor_penetration", "elemental_pierce", "source_damage_multiplier", "source_healing_multiplier", "healing_dealt_multiplier", "armor_configuration", "combat_callbacks", "elemental_imbuement", "charms", "weapon_proficiency", "prey", "wheel_combat_mastery", "battle_healing", "blessing_of_the_grove", "healing_link", "shared_conservation", "virtue_party", "sustain_healing", "sanctuary_adjacent", "exposed_weakness", "ballistic_mastery", "target_absorb_reflect"]
SEAM_EVIDENCE native_combat_prepare result=Rejected ordinary=true
SEAM_EVIDENCE spell_probe index=200 key=candidate:spell/shared_conservation selected=true caster=free_sorcerer_level1000 target=none disposition=Rejected vitals_delta=false scope=untargeted_catalog_probe gameplay_complete=false
SEAM_EVIDENCE source_map_initialize stage=entered
SEAM_EVIDENCE spell_probe index=201 key=candidate:spell/sharpshooter selected=true caster=free_sorcerer_level1000 target=none disposition=NotAvailable vitals_delta=false scope=untargeted_catalog_probe gameplay_complete=false
SEAM_EVIDENCE source_map_initialize stage=entered
SEAM_EVIDENCE spell_probe index=202 key=candidate:spell/shield_bash selected=true caster=free_sorcerer_level1000 target=none disposition=CoolingDown vitals_delta=false scope=untargeted_catalog_probe gameplay_complete=false
SEAM_EVIDENCE source_map_initialize stage=entered
SEAM_EVIDENCE spell_probe index=203 key=candidate:spell/shield_slam selected=true caster=free_sorcerer_level1000 target=none disposition=CoolingDown vitals_delta=false scope=untargeted_catalog_probe gameplay_complete=false
SEAM_EVIDENCE source_map_initialize stage=entered
spell magnitude baseline omitted=["base_critical_chance", "base_critical_extra", "fatal_chance", "armor_penetration", "elemental_pierce", "source_damage_multiplier", "source_healing_multiplier", "healing_dealt_multiplier", "armor_configuration", "combat_callbacks", "elemental_imbuement", "charms", "weapon_proficiency", "prey", "wheel_combat_mastery", "battle_healing", "blessing_of_the_grove", "healing_link", "shared_conservation", "virtue_party", "sustain_healing", "sanctuary_adjacent", "exposed_weakness", "ballistic_mastery", "target_absorb_reflect"]
SEAM_EVIDENCE spell_probe index=204 key=candidate:spell/sorcerer_familiar selected=true caster=free_sorcerer_level1000 target=none disposition=Rejected vitals_delta=false scope=untargeted_catalog_probe gameplay_complete=false
SEAM_EVIDENCE source_map_initialize stage=entered
spell magnitude baseline omitted=["base_critical_chance", "base_critical_extra", "fatal_chance", "armor_penetration", "elemental_pierce", "source_damage_multiplier", "source_healing_multiplier", "healing_dealt_multiplier", "armor_configuration", "combat_callbacks", "elemental_imbuement", "charms", "weapon_proficiency", "prey", "wheel_combat_mastery", "battle_healing", "blessing_of_the_grove", "healing_link", "shared_conservation", "virtue_party", "sustain_healing", "sanctuary_adjacent", "exposed_weakness", "ballistic_mastery", "target_absorb_reflect"]
SEAM_EVIDENCE spell_probe index=205 key=candidate:spell/soulfire_rune selected=true caster=free_sorcerer_level1000 target=none disposition=NotAvailable vitals_delta=false scope=untargeted_catalog_probe gameplay_complete=false
SEAM_EVIDENCE source_map_initialize stage=entered
spell magnitude baseline omitted=["base_critical_chance", "base_critical_extra", "fatal_chance", "armor_penetration", "elemental_pierce", "source_damage_multiplier", "source_healing_multiplier", "healing_dealt_multiplier", "armor_configuration", "combat_callbacks", "elemental_imbuement", "charms", "weapon_proficiency", "prey", "wheel_combat_mastery", "battle_healing", "blessing_of_the_grove", "healing_link", "shared_conservation", "virtue_party", "sustain_healing", "sanctuary_adjacent", "exposed_weakness", "ballistic_mastery", "target_absorb_reflect"]
SEAM_EVIDENCE native_combat_prepare result=Rejected ordinary=true
SEAM_EVIDENCE source_map_initialize stage=entered
SEAM_EVIDENCE spell_probe index=206 key=candidate:spell/spirit_mend selected=true caster=free_sorcerer_level1000 target=none disposition=Rejected vitals_delta=false scope=untargeted_catalog_probe gameplay_complete=false
SEAM_EVIDENCE source_map_initialize stage=entered
SEAM_EVIDENCE spell_probe index=207 key=candidate:spell/spiritual_outburst selected=true caster=free_sorcerer_level1000 target=none disposition=CoolingDown vitals_delta=false scope=untargeted_catalog_probe gameplay_complete=false
SEAM_EVIDENCE source_map_initialize stage=entered
spell magnitude baseline omitted=["base_critical_chance", "base_critical_extra", "fatal_chance", "armor_penetration", "elemental_pierce", "source_damage_multiplier", "source_healing_multiplier", "healing_dealt_multiplier", "armor_configuration", "combat_callbacks", "elemental_imbuement", "charms", "weapon_proficiency", "prey", "wheel_combat_mastery", "battle_healing", "blessing_of_the_grove", "healing_link", "shared_conservation", "virtue_party", "sustain_healing", "sanctuary_adjacent", "exposed_weakness", "ballistic_mastery", "target_absorb_reflect"]
SEAM_EVIDENCE spell_probe index=208 key=candidate:spell/stalagmite_rune selected=true caster=free_sorcerer_level1000 target=none disposition=Rejected vitals_delta=false scope=untargeted_catalog_probe gameplay_complete=false
SEAM_EVIDENCE source_map_initialize stage=entered
SEAM_EVIDENCE source_map_initialize stage=entered
spell magnitude baseline omitted=["base_critical_chance", "base_critical_extra", "fatal_chance", "armor_penetration", "elemental_pierce", "source_damage_multiplier", "source_healing_multiplier", "healing_dealt_multiplier", "armor_configuration", "combat_callbacks", "elemental_imbuement", "charms", "weapon_proficiency", "prey", "wheel_combat_mastery", "battle_healing", "blessing_of_the_grove", "healing_link", "shared_conservation", "virtue_party", "sustain_healing", "sanctuary_adjacent", "exposed_weakness", "ballistic_mastery", "target_absorb_reflect"]
SEAM_EVIDENCE spell_probe index=209 key=candidate:spell/stone_shower_rune selected=true caster=free_sorcerer_level1000 target=none disposition=NotAvailable vitals_delta=false scope=untargeted_catalog_probe gameplay_complete=false
SEAM_EVIDENCE source_map_initialize stage=entered
spell magnitude baseline omitted=["base_critical_chance", "base_critical_extra", "fatal_chance", "armor_penetration", "elemental_pierce", "source_damage_multiplier", "source_healing_multiplier", "healing_dealt_multiplier", "armor_configuration", "combat_callbacks", "elemental_imbuement", "charms", "weapon_proficiency", "prey", "wheel_combat_mastery", "battle_healing", "blessing_of_the_grove", "healing_link", "shared_conservation", "virtue_party", "sustain_healing", "sanctuary_adjacent", "exposed_weakness", "ballistic_mastery", "target_absorb_reflect"]
SEAM_EVIDENCE ordinary_combat_prepare stage=bindings
SEAM_EVIDENCE native_combat_prepare result=Rejected ordinary=true
SEAM_EVIDENCE spell_probe index=210 key=candidate:spell/strong_energy_strike selected=true caster=free_sorcerer_level1000 target=none disposition=Rejected vitals_delta=false scope=untargeted_catalog_probe gameplay_complete=false
SEAM_EVIDENCE source_map_initialize stage=entered
spell magnitude baseline omitted=["base_critical_chance", "base_critical_extra", "fatal_chance", "armor_penetration", "elemental_pierce", "source_damage_multiplier", "source_healing_multiplier", "healing_dealt_multiplier", "armor_configuration", "combat_callbacks", "elemental_imbuement", "charms", "weapon_proficiency", "prey", "wheel_combat_mastery", "battle_healing", "blessing_of_the_grove", "healing_link", "shared_conservation", "virtue_party", "sustain_healing", "sanctuary_adjacent", "exposed_weakness", "ballistic_mastery", "target_absorb_reflect"]
SEAM_EVIDENCE ordinary_combat_prepare stage=bindings
SEAM_EVIDENCE native_combat_prepare result=Rejected ordinary=true
SEAM_EVIDENCE spell_probe index=211 key=candidate:spell/strong_ethereal_spear selected=true caster=free_sorcerer_level1000 target=none disposition=Rejected vitals_delta=false scope=untargeted_catalog_probe gameplay_complete=false
SEAM_EVIDENCE source_map_initialize stage=entered
spell magnitude baseline omitted=["base_critical_chance", "base_critical_extra", "fatal_chance", "armor_penetration", "elemental_pierce", "source_damage_multiplier", "source_healing_multiplier", "healing_dealt_multiplier", "armor_configuration", "combat_callbacks", "elemental_imbuement", "charms", "weapon_proficiency", "prey", "wheel_combat_mastery", "battle_healing", "blessing_of_the_grove", "healing_link", "shared_conservation", "virtue_party", "sustain_healing", "sanctuary_adjacent", "exposed_weakness", "ballistic_mastery", "target_absorb_reflect"]
SEAM_EVIDENCE ordinary_combat_prepare stage=bindings
SEAM_EVIDENCE native_combat_prepare result=Rejected ordinary=true
SEAM_EVIDENCE spell_probe index=212 key=candidate:spell/strong_flame_strike selected=true caster=free_sorcerer_level1000 target=none disposition=Rejected vitals_delta=false scope=untargeted_catalog_probe gameplay_complete=false
SEAM_EVIDENCE source_map_initialize stage=entered
spell magnitude baseline omitted=["base_critical_chance", "base_critical_extra", "fatal_chance", "armor_penetration", "elemental_pierce", "source_damage_multiplier", "source_healing_multiplier", "healing_dealt_multiplier", "armor_configuration", "combat_callbacks", "elemental_imbuement", "charms", "weapon_proficiency", "prey", "wheel_combat_mastery", "battle_healing", "blessing_of_the_grove", "healing_link", "shared_conservation", "virtue_party", "sustain_healing", "sanctuary_adjacent", "exposed_weakness", "ballistic_mastery", "target_absorb_reflect"]
SEAM_EVIDENCE native_combat_prepare result=Rejected ordinary=false
SEAM_EVIDENCE spell_probe index=213 key=candidate:spell/strong_haste selected=true caster=free_sorcerer_level1000 target=none disposition=Rejected vitals_delta=false scope=untargeted_catalog_probe gameplay_complete=false
SEAM_EVIDENCE source_map_initialize stage=entered
spell magnitude baseline omitted=["base_critical_chance", "base_critical_extra", "fatal_chance", "armor_penetration", "elemental_pierce", "source_damage_multiplier", "source_healing_multiplier", "healing_dealt_multiplier", "armor_configuration", "combat_callbacks", "elemental_imbuement", "charms", "weapon_proficiency", "prey", "wheel_combat_mastery", "battle_healing", "blessing_of_the_grove", "healing_link", "shared_conservation", "virtue_party", "sustain_healing", "sanctuary_adjacent", "exposed_weakness", "ballistic_mastery", "target_absorb_reflect"]
SEAM_EVIDENCE ordinary_combat_prepare stage=bindings
SEAM_EVIDENCE native_combat_prepare result=Rejected ordinary=true
SEAM_EVIDENCE spell_probe index=214 key=candidate:spell/strong_ice_strike selected=true caster=free_sorcerer_level1000 target=none disposition=Rejected vitals_delta=false scope=untargeted_catalog_probe gameplay_complete=false
SEAM_EVIDENCE source_map_initialize stage=entered
spell magnitude baseline omitted=["base_critical_chance", "base_critical_extra", "fatal_chance", "armor_penetration", "elemental_pierce", "source_damage_multiplier", "source_healing_multiplier", "healing_dealt_multiplier", "armor_configuration", "combat_callbacks", "elemental_imbuement", "charms", "weapon_proficiency", "prey", "wheel_combat_mastery", "battle_healing", "blessing_of_the_grove", "healing_link", "shared_conservation", "virtue_party", "sustain_healing", "sanctuary_adjacent", "exposed_weakness", "ballistic_mastery", "target_absorb_reflect"]
SEAM_EVIDENCE native_combat_prepare result=Rejected ordinary=false
SEAM_EVIDENCE source_map_initialize stage=entered
SEAM_EVIDENCE spell_probe index=215 key=candidate:spell/strong_ice_wave selected=true caster=free_sorcerer_level1000 target=none disposition=Rejected vitals_delta=false scope=untargeted_catalog_probe gameplay_complete=false
SEAM_EVIDENCE source_map_initialize stage=entered
spell magnitude baseline omitted=["base_critical_chance", "base_critical_extra", "fatal_chance", "armor_penetration", "elemental_pierce", "source_damage_multiplier", "source_healing_multiplier", "healing_dealt_multiplier", "armor_configuration", "combat_callbacks", "elemental_imbuement", "charms", "weapon_proficiency", "prey", "wheel_combat_mastery", "battle_healing", "blessing_of_the_grove", "healing_link", "shared_conservation", "virtue_party", "sustain_healing", "sanctuary_adjacent", "exposed_weakness", "ballistic_mastery", "target_absorb_reflect"]
SEAM_EVIDENCE ordinary_combat_prepare stage=bindings
SEAM_EVIDENCE native_combat_prepare result=Rejected ordinary=true
SEAM_EVIDENCE spell_probe index=216 key=candidate:spell/strong_terra_strike selected=true caster=free_sorcerer_level1000 target=none disposition=Rejected vitals_delta=false scope=untargeted_catalog_probe gameplay_complete=false
SEAM_EVIDENCE source_map_initialize stage=entered
spell magnitude baseline omitted=["base_critical_chance", "base_critical_extra", "fatal_chance", "armor_penetration", "elemental_pierce", "source_damage_multiplier", "source_healing_multiplier", "healing_dealt_multiplier", "armor_configuration", "combat_callbacks", "elemental_imbuement", "charms", "weapon_proficiency", "prey", "wheel_combat_mastery", "battle_healing", "blessing_of_the_grove", "healing_link", "shared_conservation", "virtue_party", "sustain_healing", "sanctuary_adjacent", "exposed_weakness", "ballistic_mastery", "target_absorb_reflect"]
SEAM_EVIDENCE source_map_initialize stage=entered
SEAM_EVIDENCE spell_probe index=217 key=candidate:spell/sudden_death_rune selected=true caster=free_sorcerer_level1000 target=none disposition=Rejected vitals_delta=false scope=untargeted_catalog_probe gameplay_complete=false
SEAM_EVIDENCE source_map_initialize stage=entered
spell magnitude baseline omitted=["base_critical_chance", "base_critical_extra", "fatal_chance", "armor_penetration", "elemental_pierce", "source_damage_multiplier", "source_healing_multiplier", "healing_dealt_multiplier", "armor_configuration", "combat_callbacks", "elemental_imbuement", "charms", "weapon_proficiency", "prey", "wheel_combat_mastery", "battle_healing", "blessing_of_the_grove", "healing_link", "shared_conservation", "virtue_party", "sustain_healing", "sanctuary_adjacent", "exposed_weakness", "ballistic_mastery", "target_absorb_reflect"]
SEAM_EVIDENCE native_combat_prepare result=TargetRequired ordinary=false
SEAM_EVIDENCE spell_probe index=218 key=candidate:spell/summon_creature selected=true caster=free_sorcerer_level1000 target=none disposition=TargetRequired vitals_delta=false scope=untargeted_catalog_probe gameplay_complete=false
SEAM_EVIDENCE source_map_initialize stage=entered
SEAM_EVIDENCE spell_probe index=219 key=candidate:spell/summon_druid_familiar selected=false caster=free_sorcerer_level1000 target=none disposition=Rejected vitals_delta=false scope=untargeted_catalog_probe gameplay_complete=false
SEAM_EVIDENCE source_map_initialize stage=entered
SEAM_EVIDENCE spell_probe index=220 key=candidate:spell/summon_knight_familiar selected=false caster=free_sorcerer_level1000 target=none disposition=Rejected vitals_delta=false scope=untargeted_catalog_probe gameplay_complete=false
SEAM_EVIDENCE source_map_initialize stage=entered
SEAM_EVIDENCE spell_probe index=221 key=candidate:spell/summon_paladin_familiar selected=false caster=free_sorcerer_level1000 target=none disposition=Rejected vitals_delta=false scope=untargeted_catalog_probe gameplay_complete=false
SEAM_EVIDENCE source_map_initialize stage=entered
SEAM_EVIDENCE spell_probe index=222 key=candidate:spell/summon_sorcerer_familiar selected=false caster=free_sorcerer_level1000 target=none disposition=Rejected vitals_delta=false scope=untargeted_catalog_probe gameplay_complete=false
SEAM_EVIDENCE source_map_initialize stage=entered
SEAM_EVIDENCE spell_probe index=223 key=candidate:spell/sweeping_takedown selected=true caster=free_sorcerer_level1000 target=none disposition=NotAvailable vitals_delta=false scope=untargeted_catalog_probe gameplay_complete=false
SEAM_EVIDENCE source_map_initialize stage=entered
spell magnitude baseline omitted=["base_critical_chance", "base_critical_extra", "fatal_chance", "armor_penetration", "elemental_pierce", "source_damage_multiplier", "source_healing_multiplier", "healing_dealt_multiplier", "armor_configuration", "combat_callbacks", "elemental_imbuement", "charms", "weapon_proficiency", "prey", "wheel_combat_mastery", "battle_healing", "blessing_of_the_grove", "healing_link", "shared_conservation", "virtue_party", "sustain_healing", "sanctuary_adjacent", "exposed_weakness", "ballistic_mastery", "target_absorb_reflect"]
SEAM_EVIDENCE native_combat_prepare result=Rejected ordinary=false
SEAM_EVIDENCE source_map_initialize stage=entered
SEAM_EVIDENCE spell_probe index=224 key=candidate:spell/swift_foot selected=true caster=free_sorcerer_level1000 target=none disposition=Rejected vitals_delta=false scope=untargeted_catalog_probe gameplay_complete=false
SEAM_EVIDENCE source_map_initialize stage=entered
spell magnitude baseline omitted=["base_critical_chance", "base_critical_extra", "fatal_chance", "armor_penetration", "elemental_pierce", "source_damage_multiplier", "source_healing_multiplier", "healing_dealt_multiplier", "armor_configuration", "combat_callbacks", "elemental_imbuement", "charms", "weapon_proficiency", "prey", "wheel_combat_mastery", "battle_healing", "blessing_of_the_grove", "healing_link", "shared_conservation", "virtue_party", "sustain_healing", "sanctuary_adjacent", "exposed_weakness", "ballistic_mastery", "target_absorb_reflect"]
SEAM_EVIDENCE ordinary_combat_prepare stage=bindings
SEAM_EVIDENCE native_combat_prepare result=Rejected ordinary=true
SEAM_EVIDENCE spell_probe index=225 key=candidate:spell/swift_jab selected=true caster=free_sorcerer_level1000 target=none disposition=Rejected vitals_delta=false scope=untargeted_catalog_probe gameplay_complete=false
SEAM_EVIDENCE source_map_initialize stage=entered
spell magnitude baseline omitted=["base_critical_chance", "base_critical_extra", "fatal_chance", "armor_penetration", "elemental_pierce", "source_damage_multiplier", "source_healing_multiplier", "healing_dealt_multiplier", "armor_configuration", "combat_callbacks", "elemental_imbuement", "charms", "weapon_proficiency", "prey", "wheel_combat_mastery", "battle_healing", "blessing_of_the_grove", "healing_link", "shared_conservation", "virtue_party", "sustain_healing", "sanctuary_adjacent", "exposed_weakness", "ballistic_mastery", "target_absorb_reflect"]
SEAM_EVIDENCE native_combat_prepare result=Rejected ordinary=false
SEAM_EVIDENCE spell_probe index=226 key=candidate:spell/terra_burst selected=true caster=free_sorcerer_level1000 target=none disposition=Rejected vitals_delta=false scope=untargeted_catalog_probe gameplay_complete=false
SEAM_EVIDENCE source_map_initialize stage=entered
SEAM_EVIDENCE source_map_initialize stage=entered
spell magnitude baseline omitted=["base_critical_chance", "base_critical_extra", "fatal_chance", "armor_penetration", "elemental_pierce", "source_damage_multiplier", "source_healing_multiplier", "healing_dealt_multiplier", "armor_configuration", "combat_callbacks", "elemental_imbuement", "charms", "weapon_proficiency", "prey", "wheel_combat_mastery", "battle_healing", "blessing_of_the_grove", "healing_link", "shared_conservation", "virtue_party", "sustain_healing", "sanctuary_adjacent", "exposed_weakness", "ballistic_mastery", "target_absorb_reflect"]
SEAM_EVIDENCE ordinary_combat_prepare stage=bindings
SEAM_EVIDENCE ordinary_combat_prepare stage=caster_qualified
SEAM_EVIDENCE ordinary_combat_prepare stage=tile_reads
SEAM_EVIDENCE ordinary_combat_prepare stage=tiles_qualified
SEAM_EVIDENCE ordinary_combat_preview operational_target=false position_target=false direction=true protection=false needs_target=false target_or_direction=true
SEAM_EVIDENCE ordinary_combat_preview caster_state pending_training=false level=1000 owned_magic=Ok(1) qualified_level=1000 qualified_magic=1 vocation_matches=true
SEAM_EVIDENCE ordinary_combat_prepare stage=paid_preview_qualified
SEAM_EVIDENCE ordinary_combat_lower stage=applications_qualified applications=0 geometry=1
SEAM_EVIDENCE ordinary_combat_lower stage=presentation_prepare cues=1 applications=0 magnitude_hits=0
SEAM_EVIDENCE ordinary_combat_prepare stage=lower_preview_qualified
SEAM_EVIDENCE ordinary_combat_lower stage=applications_qualified applications=0 geometry=1
SEAM_EVIDENCE ordinary_combat_lower stage=presentation_prepare cues=1 applications=0 magnitude_hits=0
spell magnitude baseline omitted=["base_critical_chance", "base_critical_extra", "fatal_chance", "armor_penetration", "elemental_pierce", "source_damage_multiplier", "source_healing_multiplier", "healing_dealt_multiplier", "armor_configuration", "combat_callbacks", "elemental_imbuement", "charms", "weapon_proficiency", "prey", "wheel_combat_mastery", "battle_healing", "blessing_of_the_grove", "healing_link", "shared_conservation", "virtue_party", "sustain_healing", "sanctuary_adjacent", "exposed_weakness", "ballistic_mastery", "target_absorb_reflect"]
SEAM_EVIDENCE source_map_initialize stage=entered
SEAM_EVIDENCE spell_probe index=227 key=candidate:spell/terra_strike selected=true caster=free_sorcerer_level1000 target=none disposition=Cast vitals_delta=true scope=untargeted_catalog_probe gameplay_complete=false
SEAM_EVIDENCE source_map_initialize stage=entered
spell magnitude baseline omitted=["base_critical_chance", "base_critical_extra", "fatal_chance", "armor_penetration", "elemental_pierce", "source_damage_multiplier", "source_healing_multiplier", "healing_dealt_multiplier", "armor_configuration", "combat_callbacks", "elemental_imbuement", "charms", "weapon_proficiency", "prey", "wheel_combat_mastery", "battle_healing", "blessing_of_the_grove", "healing_link", "shared_conservation", "virtue_party", "sustain_healing", "sanctuary_adjacent", "exposed_weakness", "ballistic_mastery", "target_absorb_reflect"]
SEAM_EVIDENCE ordinary_combat_prepare stage=bindings
SEAM_EVIDENCE ordinary_combat_prepare stage=caster_qualified
SEAM_EVIDENCE ordinary_combat_prepare stage=tile_reads
SEAM_EVIDENCE ordinary_combat_prepare stage=tiles_qualified
SEAM_EVIDENCE ordinary_combat_preview operational_target=false position_target=false direction=true protection=false needs_target=false target_or_direction=false
SEAM_EVIDENCE ordinary_combat_preview caster_state pending_training=false level=1000 owned_magic=Ok(1) qualified_level=1000 qualified_magic=1 vocation_matches=true
SEAM_EVIDENCE ordinary_combat_prepare stage=paid_preview_refused reason=CoolingDown
SEAM_EVIDENCE native_combat_prepare result=CoolingDown ordinary=true
SEAM_EVIDENCE spell_probe index=228 key=candidate:spell/terra_wave selected=true caster=free_sorcerer_level1000 target=none disposition=CoolingDown vitals_delta=false scope=untargeted_catalog_probe gameplay_complete=false
SEAM_EVIDENCE source_map_initialize stage=entered
spell magnitude baseline omitted=["base_critical_chance", "base_critical_extra", "fatal_chance", "armor_penetration", "elemental_pierce", "source_damage_multiplier", "source_healing_multiplier", "healing_dealt_multiplier", "armor_configuration", "combat_callbacks", "elemental_imbuement", "charms", "weapon_proficiency", "prey", "wheel_combat_mastery", "battle_healing", "blessing_of_the_grove", "healing_link", "shared_conservation", "virtue_party", "sustain_healing", "sanctuary_adjacent", "exposed_weakness", "ballistic_mastery", "target_absorb_reflect"]
SEAM_EVIDENCE ordinary_combat_prepare stage=bindings
SEAM_EVIDENCE native_combat_prepare result=Rejected ordinary=true
SEAM_EVIDENCE spell_probe index=229 key=candidate:spell/thousand_fist_blows selected=true caster=free_sorcerer_level1000 target=none disposition=Rejected vitals_delta=false scope=untargeted_catalog_probe gameplay_complete=false
SEAM_EVIDENCE source_map_initialize stage=entered
spell magnitude baseline omitted=["base_critical_chance", "base_critical_extra", "fatal_chance", "armor_penetration", "elemental_pierce", "source_damage_multiplier", "source_healing_multiplier", "healing_dealt_multiplier", "armor_configuration", "combat_callbacks", "elemental_imbuement", "charms", "weapon_proficiency", "prey", "wheel_combat_mastery", "battle_healing", "blessing_of_the_grove", "healing_link", "shared_conservation", "virtue_party", "sustain_healing", "sanctuary_adjacent", "exposed_weakness", "ballistic_mastery", "target_absorb_reflect"]
SEAM_EVIDENCE spell_probe index=230 key=candidate:spell/thunderstorm_rune selected=true caster=free_sorcerer_level1000 target=none disposition=NotAvailable vitals_delta=false scope=untargeted_catalog_probe gameplay_complete=false
SEAM_EVIDENCE source_map_initialize stage=entered
spell magnitude baseline omitted=["base_critical_chance", "base_critical_extra", "fatal_chance", "armor_penetration", "elemental_pierce", "source_damage_multiplier", "source_healing_multiplier", "healing_dealt_multiplier", "armor_configuration", "combat_callbacks", "elemental_imbuement", "charms", "weapon_proficiency", "prey", "wheel_combat_mastery", "battle_healing", "blessing_of_the_grove", "healing_link", "shared_conservation", "virtue_party", "sustain_healing", "sanctuary_adjacent", "exposed_weakness", "ballistic_mastery", "target_absorb_reflect"]
SEAM_EVIDENCE ordinary_combat_prepare stage=bindings
SEAM_EVIDENCE native_combat_prepare result=Rejected ordinary=true
SEAM_EVIDENCE spell_probe index=231 key=candidate:spell/tiger_clash selected=true caster=free_sorcerer_level1000 target=none disposition=Rejected vitals_delta=false scope=untargeted_catalog_probe gameplay_complete=false
SEAM_EVIDENCE source_map_initialize stage=entered
spell magnitude baseline omitted=["base_critical_chance", "base_critical_extra", "fatal_chance", "armor_penetration", "elemental_pierce", "source_damage_multiplier", "source_healing_multiplier", "healing_dealt_multiplier", "armor_configuration", "combat_callbacks", "elemental_imbuement", "charms", "weapon_proficiency", "prey", "wheel_combat_mastery", "battle_healing", "blessing_of_the_grove", "healing_link", "shared_conservation", "virtue_party", "sustain_healing", "sanctuary_adjacent", "exposed_weakness", "ballistic_mastery", "target_absorb_reflect"]
SEAM_EVIDENCE ordinary_combat_prepare stage=bindings
SEAM_EVIDENCE native_combat_prepare result=Rejected ordinary=true
SEAM_EVIDENCE spell_probe index=232 key=candidate:spell/train_party selected=true caster=free_sorcerer_level1000 target=none disposition=Rejected vitals_delta=false scope=untargeted_catalog_probe gameplay_complete=false
SEAM_EVIDENCE source_map_initialize stage=entered
spell magnitude baseline omitted=["base_critical_chance", "base_critical_extra", "fatal_chance", "armor_penetration", "elemental_pierce", "source_damage_multiplier", "source_healing_multiplier", "healing_dealt_multiplier", "armor_configuration", "combat_callbacks", "elemental_imbuement", "charms", "weapon_proficiency", "prey", "wheel_combat_mastery", "battle_healing", "blessing_of_the_grove", "healing_link", "shared_conservation", "virtue_party", "sustain_healing", "sanctuary_adjacent", "exposed_weakness", "ballistic_mastery", "target_absorb_reflect"]
SEAM_EVIDENCE ordinary_combat_prepare stage=bindings
SEAM_EVIDENCE native_combat_prepare result=Rejected ordinary=true
SEAM_EVIDENCE spell_probe index=233 key=candidate:spell/ultimate_energy_strike selected=true caster=free_sorcerer_level1000 target=none disposition=Rejected vitals_delta=false scope=untargeted_catalog_probe gameplay_complete=false
SEAM_EVIDENCE source_map_initialize stage=entered
spell magnitude baseline omitted=["base_critical_chance", "base_critical_extra", "fatal_chance", "armor_penetration", "elemental_pierce", "source_damage_multiplier", "source_healing_multiplier", "healing_dealt_multiplier", "armor_configuration", "combat_callbacks", "elemental_imbuement", "charms", "weapon_proficiency", "prey", "wheel_combat_mastery", "battle_healing", "blessing_of_the_grove", "healing_link", "shared_conservation", "virtue_party", "sustain_healing", "sanctuary_adjacent", "exposed_weakness", "ballistic_mastery", "target_absorb_reflect"]
SEAM_EVIDENCE ordinary_combat_prepare stage=bindings
SEAM_EVIDENCE native_combat_prepare result=Rejected ordinary=true
SEAM_EVIDENCE source_map_initialize stage=entered
SEAM_EVIDENCE spell_probe index=234 key=candidate:spell/ultimate_flame_strike selected=true caster=free_sorcerer_level1000 target=none disposition=Rejected vitals_delta=false scope=untargeted_catalog_probe gameplay_complete=false
SEAM_EVIDENCE source_map_initialize stage=entered
spell magnitude baseline omitted=["base_critical_chance", "base_critical_extra", "fatal_chance", "armor_penetration", "elemental_pierce", "source_damage_multiplier", "source_healing_multiplier", "healing_dealt_multiplier", "armor_configuration", "combat_callbacks", "elemental_imbuement", "charms", "weapon_proficiency", "prey", "wheel_combat_mastery", "battle_healing", "blessing_of_the_grove", "healing_link", "shared_conservation", "virtue_party", "sustain_healing", "sanctuary_adjacent", "exposed_weakness", "ballistic_mastery", "target_absorb_reflect"]
SEAM_EVIDENCE source_self_prepare stage=tile_qualified
SEAM_EVIDENCE source_self_prepare stage=preview_training_qualified
spell magnitude baseline omitted=["base_critical_chance", "base_critical_extra", "fatal_chance", "armor_penetration", "elemental_pierce", "source_damage_multiplier", "source_healing_multiplier", "healing_dealt_multiplier", "armor_configuration", "combat_callbacks", "elemental_imbuement", "charms", "weapon_proficiency", "prey", "wheel_combat_mastery", "battle_healing", "blessing_of_the_grove", "healing_link", "shared_conservation", "virtue_party", "sustain_healing", "sanctuary_adjacent", "exposed_weakness", "ballistic_mastery", "target_absorb_reflect"]
SEAM_EVIDENCE source_map_initialize stage=entered
SEAM_EVIDENCE spell_probe index=235 key=candidate:spell/ultimate_healing selected=true caster=free_sorcerer_level1000 target=none disposition=Cast vitals_delta=true scope=untargeted_catalog_probe gameplay_complete=false
SEAM_EVIDENCE source_map_initialize stage=entered
spell magnitude baseline omitted=["base_critical_chance", "base_critical_extra", "fatal_chance", "armor_penetration", "elemental_pierce", "source_damage_multiplier", "source_healing_multiplier", "healing_dealt_multiplier", "armor_configuration", "combat_callbacks", "elemental_imbuement", "charms", "weapon_proficiency", "prey", "wheel_combat_mastery", "battle_healing", "blessing_of_the_grove", "healing_link", "shared_conservation", "virtue_party", "sustain_healing", "sanctuary_adjacent", "exposed_weakness", "ballistic_mastery", "target_absorb_reflect"]
SEAM_EVIDENCE spell_probe index=236 key=candidate:spell/ultimate_healing_rune selected=true caster=free_sorcerer_level1000 target=none disposition=NotAvailable vitals_delta=false scope=untargeted_catalog_probe gameplay_complete=false
SEAM_EVIDENCE source_map_initialize stage=entered
spell magnitude baseline omitted=["base_critical_chance", "base_critical_extra", "fatal_chance", "armor_penetration", "elemental_pierce", "source_damage_multiplier", "source_healing_multiplier", "healing_dealt_multiplier", "armor_configuration", "combat_callbacks", "elemental_imbuement", "charms", "weapon_proficiency", "prey", "wheel_combat_mastery", "battle_healing", "blessing_of_the_grove", "healing_link", "shared_conservation", "virtue_party", "sustain_healing", "sanctuary_adjacent", "exposed_weakness", "ballistic_mastery", "target_absorb_reflect"]
SEAM_EVIDENCE ordinary_combat_prepare stage=bindings
SEAM_EVIDENCE native_combat_prepare result=Rejected ordinary=true
SEAM_EVIDENCE spell_probe index=237 key=candidate:spell/ultimate_ice_strike selected=true caster=free_sorcerer_level1000 target=none disposition=Rejected vitals_delta=false scope=untargeted_catalog_probe gameplay_complete=false
SEAM_EVIDENCE source_map_initialize stage=entered
spell magnitude baseline omitted=["base_critical_chance", "base_critical_extra", "fatal_chance", "armor_penetration", "elemental_pierce", "source_damage_multiplier", "source_healing_multiplier", "healing_dealt_multiplier", "armor_configuration", "combat_callbacks", "elemental_imbuement", "charms", "weapon_proficiency", "prey", "wheel_combat_mastery", "battle_healing", "blessing_of_the_grove", "healing_link", "shared_conservation", "virtue_party", "sustain_healing", "sanctuary_adjacent", "exposed_weakness", "ballistic_mastery", "target_absorb_reflect"]
SEAM_EVIDENCE native_combat_prepare result=Rejected ordinary=true
SEAM_EVIDENCE spell_probe index=238 key=candidate:spell/ultimate_light selected=true caster=free_sorcerer_level1000 target=none disposition=Rejected vitals_delta=false scope=untargeted_catalog_probe gameplay_complete=false
SEAM_EVIDENCE source_map_initialize stage=entered
spell magnitude baseline omitted=["base_critical_chance", "base_critical_extra", "fatal_chance", "armor_penetration", "elemental_pierce", "source_damage_multiplier", "source_healing_multiplier", "healing_dealt_multiplier", "armor_configuration", "combat_callbacks", "elemental_imbuement", "charms", "weapon_proficiency", "prey", "wheel_combat_mastery", "battle_healing", "blessing_of_the_grove", "healing_link", "shared_conservation", "virtue_party", "sustain_healing", "sanctuary_adjacent", "exposed_weakness", "ballistic_mastery", "target_absorb_reflect"]
SEAM_EVIDENCE ordinary_combat_prepare stage=bindings
SEAM_EVIDENCE native_combat_prepare result=Rejected ordinary=true
SEAM_EVIDENCE spell_probe index=239 key=candidate:spell/ultimate_terra_strike selected=true caster=free_sorcerer_level1000 target=none disposition=Rejected vitals_delta=false scope=untargeted_catalog_probe gameplay_complete=false
SEAM_EVIDENCE source_map_initialize stage=entered
SEAM_EVIDENCE spell_probe index=240 key=candidate:spell/virtue_of_harmony selected=true caster=free_sorcerer_level1000 target=none disposition=NotAvailable vitals_delta=false scope=untargeted_catalog_probe gameplay_complete=false
SEAM_EVIDENCE source_map_initialize stage=entered
SEAM_EVIDENCE spell_probe index=241 key=candidate:spell/virtue_of_justice selected=true caster=free_sorcerer_level1000 target=none disposition=NotAvailable vitals_delta=false scope=untargeted_catalog_probe gameplay_complete=false
SEAM_EVIDENCE source_map_initialize stage=entered
SEAM_EVIDENCE source_map_initialize stage=entered
SEAM_EVIDENCE spell_probe index=242 key=candidate:spell/virtue_of_sustain selected=true caster=free_sorcerer_level1000 target=none disposition=NotAvailable vitals_delta=false scope=untargeted_catalog_probe gameplay_complete=false
SEAM_EVIDENCE source_map_initialize stage=entered
spell magnitude baseline omitted=["base_critical_chance", "base_critical_extra", "fatal_chance", "armor_penetration", "elemental_pierce", "source_damage_multiplier", "source_healing_multiplier", "healing_dealt_multiplier", "armor_configuration", "combat_callbacks", "elemental_imbuement", "charms", "weapon_proficiency", "prey", "wheel_combat_mastery", "battle_healing", "blessing_of_the_grove", "healing_link", "shared_conservation", "virtue_party", "sustain_healing", "sanctuary_adjacent", "exposed_weakness", "ballistic_mastery", "target_absorb_reflect"]
SEAM_EVIDENCE ordinary_combat_prepare stage=bindings
SEAM_EVIDENCE native_combat_prepare result=Rejected ordinary=true
SEAM_EVIDENCE source_map_initialize stage=entered
SEAM_EVIDENCE spell_probe index=243 key=candidate:spell/whirlwind_throw selected=true caster=free_sorcerer_level1000 target=none disposition=Rejected vitals_delta=false scope=untargeted_catalog_probe gameplay_complete=false
SEAM_EVIDENCE source_map_initialize stage=entered
spell magnitude baseline omitted=["base_critical_chance", "base_critical_extra", "fatal_chance", "armor_penetration", "elemental_pierce", "source_damage_multiplier", "source_healing_multiplier", "healing_dealt_multiplier", "armor_configuration", "combat_callbacks", "elemental_imbuement", "charms", "weapon_proficiency", "prey", "wheel_combat_mastery", "battle_healing", "blessing_of_the_grove", "healing_link", "shared_conservation", "virtue_party", "sustain_healing", "sanctuary_adjacent", "exposed_weakness", "ballistic_mastery", "target_absorb_reflect"]
SEAM_EVIDENCE spell_probe index=244 key=candidate:spell/wild_growth_rune selected=true caster=free_sorcerer_level1000 target=none disposition=NotAvailable vitals_delta=false scope=untargeted_catalog_probe gameplay_complete=false
SEAM_EVIDENCE source_map_initialize stage=entered
spell magnitude baseline omitted=["base_critical_chance", "base_critical_extra", "fatal_chance", "armor_penetration", "elemental_pierce", "source_damage_multiplier", "source_healing_multiplier", "healing_dealt_multiplier", "armor_configuration", "combat_callbacks", "elemental_imbuement", "charms", "weapon_proficiency", "prey", "wheel_combat_mastery", "battle_healing", "blessing_of_the_grove", "healing_link", "shared_conservation", "virtue_party", "sustain_healing", "sanctuary_adjacent", "exposed_weakness", "ballistic_mastery", "target_absorb_reflect"]
SEAM_EVIDENCE source_self_prepare stage=tile_qualified
SEAM_EVIDENCE native_combat_prepare result=NotAvailable ordinary=true
SEAM_EVIDENCE spell_probe index=245 key=candidate:spell/wound_cleansing selected=true caster=free_sorcerer_level1000 target=none disposition=NotAvailable vitals_delta=false scope=untargeted_catalog_probe gameplay_complete=false
SEAM_EVIDENCE source_map_initialize stage=entered
spell magnitude baseline omitted=["base_critical_chance", "base_critical_extra", "fatal_chance", "armor_penetration", "elemental_pierce", "source_damage_multiplier", "source_healing_multiplier", "healing_dealt_multiplier", "armor_configuration", "combat_callbacks", "elemental_imbuement", "charms", "weapon_proficiency", "prey", "wheel_combat_mastery", "battle_healing", "blessing_of_the_grove", "healing_link", "shared_conservation", "virtue_party", "sustain_healing", "sanctuary_adjacent", "exposed_weakness", "ballistic_mastery", "target_absorb_reflect"]
SEAM_EVIDENCE ordinary_combat_prepare stage=bindings
SEAM_EVIDENCE native_combat_prepare result=Rejected ordinary=true
SEAM_EVIDENCE spell_probe index=246 key=candidate:spell/wrath_of_nature selected=true caster=free_sorcerer_level1000 target=none disposition=Rejected vitals_delta=false scope=untargeted_catalog_probe gameplay_complete=false
SEAM_EVIDENCE source_map_initialize stage=entered
SEAM_EVIDENCE source_map_initialize stage=entered
SEAM_EVIDENCE source_map_initialize stage=entered
SEAM_EVIDENCE source_map_initialize stage=entered
SEAM_EVIDENCE source_map_initialize stage=entered
SEAM_EVIDENCE source_map_initialize stage=entered
SEAM_EVIDENCE source_map_initialize stage=entered
SEAM_EVIDENCE source_map_initialize stage=entered
SEAM_EVIDENCE source_map_initialize stage=entered
SEAM_EVIDENCE source_map_initialize stage=entered
SEAM_EVIDENCE source_map_initialize stage=entered
SEAM_EVIDENCE source_map_initialize stage=entered
SEAM_EVIDENCE source_map_initialize stage=entered
SEAM_EVIDENCE source_map_initialize stage=entered
SEAM_EVIDENCE source_map_initialize stage=entered
SEAM_EVIDENCE source_map_initialize stage=entered
SEAM_EVIDENCE source_map_initialize stage=entered
SEAM_EVIDENCE source_map_initialize stage=entered
SEAM_EVIDENCE source_map_initialize stage=entered
SEAM_EVIDENCE source_map_initialize stage=entered
SEAM_EVIDENCE source_map_initialize stage=entered
SEAM_EVIDENCE source_map_initialize stage=entered
SEAM_EVIDENCE source_map_initialize stage=entered
SEAM_EVIDENCE source_map_initialize stage=entered
SEAM_EVIDENCE source_map_initialize stage=entered
SEAM_EVIDENCE source_map_initialize stage=entered
SEAM_EVIDENCE source_map_initialize stage=entered
SEAM_EVIDENCE source_map_initialize stage=entered
SEAM_EVIDENCE source_map_initialize stage=entered
SEAM_EVIDENCE source_map_initialize stage=entered
SEAM_EVIDENCE source_map_initialize stage=entered
SEAM_EVIDENCE source_map_initialize stage=entered
SEAM_EVIDENCE source_map_initialize stage=entered
SEAM_EVIDENCE source_map_initialize stage=entered
SEAM_EVIDENCE source_map_initialize stage=entered
SEAM_EVIDENCE source_map_initialize stage=entered
SEAM_EVIDENCE source_map_initialize stage=entered
SEAM_EVIDENCE source_map_initialize stage=entered
SEAM_EVIDENCE source_map_initialize stage=entered
SEAM_EVIDENCE source_map_initialize stage=entered
SEAM_EVIDENCE source_map_initialize stage=entered
SEAM_EVIDENCE source_map_initialize stage=entered
SEAM_EVIDENCE source_map_initialize stage=entered
SEAM_EVIDENCE source_map_initialize stage=entered
SEAM_EVIDENCE source_map_initialize stage=entered
SEAM_EVIDENCE source_map_initialize stage=entered
SEAM_EVIDENCE source_map_initialize stage=entered
SEAM_EVIDENCE source_map_initialize stage=entered
SEAM_EVIDENCE source_map_initialize stage=entered
SEAM_EVIDENCE source_map_initialize stage=entered
SEAM_EVIDENCE source_map_initialize stage=entered
SEAM_EVIDENCE source_map_initialize stage=entered
SEAM_EVIDENCE source_map_initialize stage=entered
SEAM_EVIDENCE source_map_initialize stage=entered
SEAM_EVIDENCE source_map_initialize stage=entered
SEAM_EVIDENCE source_map_initialize stage=entered
SEAM_EVIDENCE source_map_initialize stage=entered
SEAM_EVIDENCE source_map_initialize stage=entered
SEAM_EVIDENCE source_map_initialize stage=entered
SEAM_EVIDENCE source_map_initialize stage=entered
SEAM_EVIDENCE source_map_initialize stage=entered
SEAM_EVIDENCE source_map_initialize stage=entered
SEAM_EVIDENCE source_map_initialize stage=entered
SEAM_EVIDENCE source_map_initialize stage=entered
SEAM_EVIDENCE source_map_initialize stage=entered
SEAM_EVIDENCE source_map_initialize stage=entered
SEAM_EVIDENCE source_map_initialize stage=entered
SEAM_EVIDENCE source_map_initialize stage=entered
SEAM_EVIDENCE source_map_initialize stage=entered
SEAM_EVIDENCE source_map_initialize stage=entered
SEAM_EVIDENCE source_map_initialize stage=entered
SEAM_EVIDENCE source_map_initialize stage=entered
SEAM_EVIDENCE source_map_initialize stage=entered
SEAM_EVIDENCE source_map_initialize stage=entered
SEAM_EVIDENCE source_map_initialize stage=entered
SEAM_EVIDENCE spell_seam training_save=durable ordinary_disconnect=complete mana_paid=1870 saved_training_delta=2738 content_revision=s3b-content-1
SEAM_EVIDENCE spell_seam shutdown=drained scope=real_owner_tcp_tls gameplay_complete=false
test gameplay_transport::qualification::server_seam_real_owners_over_tcp_tls ... ok

test result: ok. 1 passed; 0 failed; 0 ignored; 0 measured; 1593 filtered out; finished in 342.00s

S3B_EVIDENCE cleanup=complete containers=removed volumes=removed ephemeral_keys=removed
S3B_RESULT=SPELL_SEAM_PASS
